Workbook

Sheet Line Items
A1: KUMAR AUTOSTORES — Tax Invoice (Credit) No. A000971 — Dated 30/05/2026
A2: Buyer: M/s SRI SRI SATYA SAI AUTMOBILE AG, Tadepalligudem 534101 | Blue text = value printed on the invoice | Black text = calculated by formula
A4: S.No | B4: Brand | C4: Item Code | D4: Description | E4: HSN | F4: MRP (₹) | G4: Disc 1 | H4: Disc 2 | I4: Net Rate (₹) printed | J4: Net Rate (₹) exact | K4: Qty | L4: Line Amt incl. GST (₹) | M4: GST % | N4: Taxable Value (₹) printed | O4: Taxable Value (₹) recalc | P4: Diff | Q4: GST Amount (₹) | R4: Line Total (₹) | S4: Notes
A5: 1 | B5: CAMP | C5: CA04-SR-102 | D5: SEAT RUBBER SPL TRP-65 | E5: 40169330 | F5: 3.2 | G5: 0.45 | H5: 0 | I5: 1.76 | J5: =F5*(1-G5)*(1-H5) -> 1.76 | K5: 100 | L5: =J5*K5 -> 176 | M5: 0.18 | N5: 149.15 | O5: =ROUND(L5/(1+M5),2) -> 149.15 | P5: =O5-N5 -> 0 | Q5: =ROUND(N5*M5,2) -> 26.85 | R5: =N5+Q5 -> 176
A6: 2 | B6: MICO | C6: U4A | D6: MICO PULG HH | E6: 87141090 | F6: 60 | G6: 0.05 | H6: 0 | I6: 57 | J6: =F6*(1-G6)*(1-H6) -> 57 | K6: 30 | L6: =J6*K6 -> 1710 | M6: 0.18 | N6: 1449.15 | O6: =ROUND(L6/(1+M6),2) -> 1449.15 | P6: =O6-N6 -> 0 | Q6: =ROUND(N6*M6,2) -> 260.85 | R6: =N6+Q6 -> 1710 | S6: S.No obscured by pen mark in scan
A7: 3 | B7: NV | C7: NAJ213 | D7: SPRING BRAKE SHOE REAR HH | E7: 40169330 | F7: 7 | G7: 0.43 | H7: 0 | I7: 3.99 | J7: =F7*(1-G7)*(1-H7) -> 3.99 | K7: 50 | L7: =J7*K7 -> 199.5 | M7: 0.18 | N7: 169.07 | O7: =ROUND(L7/(1+M7),2) -> 169.07 | P7: =O7-N7 -> 0 | Q7: =ROUND(N7*M7,2) -> 30.43 | R7: =N7+Q7 -> 199.5
A8: 4 | B8: SAI | C8: SAI-433 | D8: HL VISOR TWISTER BLK | E8: 87141090 | F8: 745 | G8: 0.38 | H8: 0 | I8: 461.9 | J8: =F8*(1-G8)*(1-H8) -> 461.9 | K8: 2 | L8: =J8*K8 -> 923.8 | M8: 0.18 | N8: 782.88 | O8: =ROUND(L8/(1+M8),2) -> 782.88 | P8: =O8-N8 -> 0 | Q8: =ROUND(N8*M8,2) -> 140.92 | R8: =N8+Q8 -> 923.8
A9: 5 | B9: SAI | C9: SAI-333 | D9: RC TWISTER GREY | E9: 87141090 | F9: 840 | G9: 0.38 | H9: 0 | I9: 520.8 | J9: =F9*(1-G9)*(1-H9) -> 520.8 | K9: 1 | L9: =J9*K9 -> 520.8 | M9: 0.18 | N9: 441.36 | O9: =ROUND(L9/(1+M9),2) -> 441.36 | P9: =O9-N9 -> 0 | Q9: =ROUND(N9*M9,2) -> 79.44 | R9: =N9+Q9 -> 520.8
A10: 6 | B10: SAI | C10: SAI-202 | D10: RC ( OF 6) GLM NM SPORTS RED | E10: 87141090 | F10: 1005 | G10: 0.38 | H10: 0 | I10: 623.1 | J10: =F10*(1-G10)*(1-H10) -> 623.1 | K10: 2 | L10: =J10*K10 -> 1246.2 | M10: 0.18 | N10: 1056.1 | O10: =ROUND(L10/(1+M10),2) -> 1056.1 | P10: =O10-N10 -> 0 | Q10: =ROUND(N10*M10,2) -> 190.1 | R10: =N10+Q10 -> 1246.2
A11: 7 | B11: SAI | C11: SAI-211 | D11: SC GLM NM BLK W RED STI | E11: 87141090 | F11: 740 | G11: 0.38 | H11: 0 | I11: 458.8 | J11: =F11*(1-G11)*(1-H11) -> 458.8 | K11: 3 | L11: =J11*K11 -> 1376.4 | M11: 0.18 | N11: 1166.44 | O11: =ROUND(L11/(1+M11),2) -> 1166.44 | P11: =O11-N11 -> 0 | Q11: =ROUND(N11*M11,2) -> 209.96 | R11: =N11+Q11 -> 1376.4
A12: 8 | B12: SAI | C12: SAI-308A | D12: T.P.F.C GLM NM (TYPE-2) BLK W RED STI | E12: 87141090 | F12: 570 | G12: 0.38 | H12: 0 | I12: 353.4 | J12: =F12*(1-G12)*(1-H12) -> 353.4 | K12: 2 | L12: =J12*K12 -> 706.8 | M12: 0.18 | N12: 598.98 | O12: =ROUND(L12/(1+M12),2) -> 598.98 | P12: =O12-N12 -> 0 | Q12: =ROUND(N12*M12,2) -> 107.82 | R12: =N12+Q12 -> 706.8
A13: 9 | B13: SAI | C13: SAI-440 | D13: T.P.F.C GLM LST NM (TYPE-6 ) BLK W RED STI | E13: 87141090 | F13: 730 | G13: 0.38 | H13: 0 | I13: 452.6 | J13: =F13*(1-G13)*(1-H13) -> 452.6 | K13: 3 | L13: =J13*K13 -> 1357.8 | M13: 0.18 | N13: 1150.68 | O13: =ROUND(L13/(1+M13),2) -> 1150.68 | P13: =O13-N13 -> 0 | Q13: =ROUND(N13*M13,2) -> 207.12 | R13: =N13+Q13 -> 1357.8
A14: 10 | B14: SILVERUP | C14: UN-00025 | D14: BOLT NUT 10X25 | E14: 85122010 | F14: 4.81 | G14: 0.45 | H14: 0 | I14: 2.65 | J14: =F14*(1-G14)*(1-H14) -> 2.6455 | K14: 100 | L14: =J14*K14 -> 264.55 | M14: 0.18 | N14: 224.19 | O14: =ROUND(L14/(1+M14),2) -> 224.19 | P14: =O14-N14 -> 0 | Q14: =ROUND(N14*M14,2) -> 40.35 | R14: =N14+Q14 -> 264.54
A15: 11 | B15: SILVERUP | C15: UN-10018 | D15: BOLT NUT 10X18 | E15: 87141090 | F15: 4.2 | G15: 0.45 | H15: 0 | I15: 2.31 | J15: =F15*(1-G15)*(1-H15) -> 2.31 | K15: 100 | L15: =J15*K15 -> 231 | M15: 0.18 | N15: 195.76 | O15: =ROUND(L15/(1+M15),2) -> 195.76 | P15: =O15-N15 -> 0 | Q15: =ROUND(N15*M15,2) -> 35.24 | R15: =N15+Q15 -> 231
A16: 12 | B16: SILVERUP | C16: HH-80001 | D16: BRAKE SHOES SPRING SPLENDER | E16: 85122010 | F16: 3.5 | G16: 0.45 | H16: 0 | I16: 1.93 | J16: =F16*(1-G16)*(1-H16) -> 1.925 | K16: 50 | L16: =J16*K16 -> 96.25 | M16: 0.18 | N16: 81.57 | O16: =ROUND(L16/(1+M16),2) -> 81.57 | P16: =O16-N16 -> 0 | Q16: =ROUND(N16*M16,2) -> 14.68 | R16: =N16+Q16 -> 96.25
A17: 13 | B17: SLD | C17: SLD-110 | D17: IGNITION SWITCH SPLENDOR PLUS | E17: 83012000 | F17: 454 | G17: 0.35 | H17: 0 | I17: 295.1 | J17: =F17*(1-G17)*(1-H17) -> 295.1 | K17: 5 | L17: =J17*K17 -> 1475.5 | M17: 0.18 | N17: 1250.42 | O17: =ROUND(L17/(1+M17),2) -> 1250.42 | P17: =O17-N17 -> 0 | Q17: =ROUND(N17*M17,2) -> 225.08 | R17: =N17+Q17 -> 1475.5
A18: 14 | B18: SLD | C18: SLD-178 | D18: IGNITION SWITCH PASSION PLUS | E18: 83012000 | F18: 541 | G18: 0.35 | H18: 0 | I18: 351.65 | J18: =F18*(1-G18)*(1-H18) -> 351.65 | K18: 5 | L18: =J18*K18 -> 1758.25 | M18: 0.18 | N18: 1490.04 | O18: =ROUND(L18/(1+M18),2) -> 1490.04 | P18: =O18-N18 -> 0 | Q18: =ROUND(N18*M18,2) -> 268.21 | R18: =N18+Q18 -> 1758.25
A19: 15 | B19: UNITECH 18% | C19: UT-27 | D19: T L BRACKET SPLENDOR | E19: 85122010 | F19: 49 | G19: 0.28 | H19: 0 | I19: 35.28 | J19: =F19*(1-G19)*(1-H19) -> 35.28 | K19: 5 | L19: =J19*K19 -> 176.4 | M19: 0.18 | N19: 149.49 | O19: =ROUND(L19/(1+M19),2) -> 149.49 | P19: =O19-N19 -> 0 | Q19: =ROUND(N19*M19,2) -> 26.91 | R19: =N19+Q19 -> 176.4
A20: TOTAL | D20: 15 line items across 7 brands | K20: =SUM(K5:K19) -> 458 | L20: =SUM(L5:L19) -> 12219.25 | N20: =SUM(N5:N19) -> 10355.28 | O20: =SUM(O5:O19) -> 10355.28 | P20: =SUM(P5:P19) -> 0 | Q20: =SUM(Q5:Q19) -> 1863.96 | R20: =SUM(R5:R19) -> 12219.24
A22: Notes
A23: • Source: scanned tax invoice A000971 dated 30/05/2026 from Kumar Autostores (single page), transcribed by reading the page image at high resolution.
A24: • The invoice's 'Unit Rate' is the MRP after Disc 1, and it is GST-inclusive. Taxable Value on the invoice = Unit Rate × Qty ÷ 1.18.
A25: • 'Net Rate exact' recomputes the rate as MRP × (1−Disc 1) × (1−Disc 2) without rounding. All 106 lines reconcile to the printed Taxable Value to the paisa on this basis.
A26: • Two lines print a rate rounded to 2 dp: S.No 10 (2.65 vs exact 2.6455) and S.No 12 (1.93 vs exact 1.925), both fasteners at qty 50–100. Their printed Taxable Values are correct; the exact-rate column reproduces them.
A27: • The 'Diff' column should read 0.00 on every line. Any non-zero value flags a transcription error to check against the scan.
A28: • Sum of the printed Taxable Values is 10,355.28 against the invoice's printed Sub Total of 10,355.31 — a 0.03 rounding drift in the supplier's own software, not a transcription error. Total Qty (458) and the Grand Total (12,219.00) both reconcile exactly. Note the Round off on this invoice is negative (−0.25).

Sheet Summary
A1: Invoice Summary
A3: Supplier | B3: KUMAR AUTOSTORES
A4: Supplier address | B4: 4-1-18/1, Keerthi Sadan, G P Road, Vijaya Lakshmi Talkies Back Side, Bhimavaram, West Godavari, Andhra Pradesh
A5: Supplier GSTIN | B5: 37AITPG4383P1ZB
A6: Supplier phone / e-mail | B6: 9397111911 | kumar224632@gmail.com
A7: Document type | B7: Tax Invoice — Credit
A8: Invoice no. | B8: A000971
A9: Invoice date | B9: 30/05/2026
A10: Buyer | B10: M/s SRI SRI SATYA SAI AUTMOBILE AG
A11: Buyer address | B11: Tadepalligudem 2-12-27/1, Railway Station Road, Tadepalligudem – 534101
A12: Buyer GSTIN | B12: 37CUJPG4763K1Z5
A13: Buyer phone | B13: 9848725117
A14: Billed by | B14: HARI
... A16: Bank | B16: Bank of Baroda, Bhimavaram — A/c 08360400000167, IFSC BARB0BHIMAV
A19: Invoice totals | C19: Calculated | D19: Printed on invoice | E19: Basis
A20: Sub Total (taxable value) | C20: =SUM('Line Items'!N5:N19) -> 10355.28 | D20: 10355.31 | E20: Sum of printed line taxable values
A21: SGST @ 9% | C21: =ROUND(C20*0.09,2) -> 931.98 | D21: 931.97 | E21: State GST
A22: CGST @ 9% | C22: =ROUND(C20*0.09,2) -> 931.98 | D22: 931.97 | E22: Central GST
A23: Total GST @ 18% | C23: =C21+C22 -> 1863.96 | D23: 1863.94 | E23: SGST + CGST
A24: Add / Less | C24: 0 | D24: 0 | E24: Per invoice
A25: Round off +/− | C25: -0.25 | D25: -0.25 | E25: Per invoice
A26: GRAND TOTAL | C26: =C20+C23+C24+C25 -> 12218.99 | D26: 12219 | E26: Rs. Twelve Thousand Two Hundred and Nineteen only
A27: Total Qty | C27: =SUM('Line Items'!K5:K19) -> 458 | D27: 458
A30: Brand-wise breakdown
A31: Brand | B31: Lines | C31: Qty | D31: Gross (MRP×Qty) | E31: Gross printed | F31: Net (rate×Qty) | G31: Net printed | H31: Taxable value
A32: CAMP | B32: =COUNTIF('Line Items'!$B$5:$B$19,$A32) -> 1 | C32: =SUMIF('Line Items'!$B$5:$B$19,$A32,'Line Items'!$K$5:$K$19) -> 100 | D32: =SUMPRODUCT(('Line Items'!$B$5:$B$19=$A32)*'Line Items'!$F$5:$F$19*'Line Items'!$K$5:$K$19) -> 320 | E32: 320 | F32: =SUMPRODUCT(('Line Items'!$B$5:$B$19=$A32)*'Line Items'!$J$5:$J$19*'Line Items'!$K$5:$K$19) -> 176 | G32: 176 | H32: =SUMIF('Line Items'!$B$5:$B$19,$A32,'Line Items'!$N$5:$N$19) -> 149.15
A33: MICO | B33: =COUNTIF('Line Items'!$B$5:$B$19,$A33) -> 1 | C33: =SUMIF('Line Items'!$B$5:$B$19,$A33,'Line Items'!$K$5:$K$19) -> 30 | D33: =SUMPRODUCT(('Line Items'!$B$5:$B$19=$A33)*'Line Items'!$F$5:$F$19*'Line Items'!$K$5:$K$19) -> 1800 | E33: 1800 | F33: =SUMPRODUCT(('Line Items'!$B$5:$B$19=$A33)*'Line Items'!$J$5:$J$19*'Line Items'!$K$5:$K$19) -> 1710 | G33: 1710 | H33: =SUMIF('Line Items'!$B$5:$B$19,$A33,'Line Items'!$N$5:$N$19) -> 1449.15
A34: NV | B34: =COUNTIF('Line Items'!$B$5:$B$19,$A34) -> 1 | C34: =SUMIF('Line Items'!$B$5:$B$19,$A34,'Line Items'!$K$5:$K$19) -> 50 | D34: =SUMPRODUCT(('Line Items'!$B$5:$B$19=$A34)*'Line Items'!$F$5:$F$19*'Line Items'!$K$5:$K$19) -> 350 | E34: 350 | F34: =SUMPRODUCT(('Line Items'!$B$5:$B$19=$A34)*'Line Items'!$J$5:$J$19*'Line Items'!$K$5:$K$19) -> 199.5 | G34: 199.5 | H34: =SUMIF('Line Items'!$B$5:$B$19,$A34,'Line Items'!$N$5:$N$19) -> 169.07
A35: SAI | B35: =COUNTIF('Line Items'!$B$5:$B$19,$A35) -> 6 | C35: =SUMIF('Line Items'!$B$5:$B$19,$A35,'Line Items'!$K$5:$K$19) -> 13 | D35: =SUMPRODUCT(('Line Items'!$B$5:$B$19=$A35)*'Line Items'!$F$5:$F$19*'Line Items'!$K$5:$K$19) -> 9890 | E35: 9890 | F35: =SUMPRODUCT(('Line Items'!$B$5:$B$19=$A35)*'Line Items'!$J$5:$J$19*'Line Items'!$K$5:$K$19) -> 6131.8 | G35: 6131.8 | H35: =SUMIF('Line Items'!$B$5:$B$19,$A35,'Line Items'!$N$5:$N$19) -> 5196.44
A36: SILVERUP | B36: =COUNTIF('Line Items'!$B$5:$B$19,$A36) -> 3 | C36: =SUMIF('Line Items'!$B$5:$B$19,$A36,'Line Items'!$K$5:$K$19) -> 250 | D36: =SUMPRODUCT(('Line Items'!$B$5:$B$19=$A36)*'Line Items'!$F$5:$F$19*'Line Items'!$K$5:$K$19) -> 1076 | E36: 1076 | F36: =SUMPRODUCT(('Line Items'!$B$5:$B$19=$A36)*'Line Items'!$J$5:$J$19*'Line Items'!$K$5:$K$19) -> 591.8 | G36: 591.8 | H36: =SUMIF('Line Items'!$B$5:$B$19,$A36,'Line Items'!$N$5:$N$19) -> 501.52
A37: SLD | B37: =COUNTIF('Line Items'!$B$5:$B$19,$A37) -> 2 | C37: =SUMIF('Line Items'!$B$5:$B$19,$A37,'Line Items'!$K$5:$K$19) -> 10 | D37: =SUMPRODUCT(('Line Items'!$B$5:$B$19=$A37)*'Line Items'!$F$5:$F$19*'Line Items'!$K$5:$K$19) -> 4975 | E37: 4975 | F37: =SUMPRODUCT(('Line Items'!$B$5:$B$19=$A37)*'Line Items'!$J$5:$J$19*'Line Items'!$K$5:$K$19) -> 3233.75 | G37: 3233.75 | H37: =SUMIF('Line Items'!$B$5:$B$19,$A37,'Line Items'!$N$5:$N$19) -> 2740.46
A38: UNITECH 18% | B38: =COUNTIF('Line Items'!$B$5:$B$19,$A38) -> 1 | C38: =SUMIF('Line Items'!$B$5:$B$19,$A38,'Line Items'!$K$5:$K$19) -> 5 | D38: =SUMPRODUCT(('Line Items'!$B$5:$B$19=$A38)*'Line Items'!$F$5:$F$19*'Line Items'!$K$5:$K$19) -> 245 | E38: 245 | F38: =SUMPRODUCT(('Line Items'!$B$5:$B$19=$A38)*'Line Items'!$J$5:$J$19*'Line Items'!$K$5:$K$19) -> 176.4 | G38: 176.4 | H38: =SUMIF('Line Items'!$B$5:$B$19,$A38,'Line Items'!$N$5:$N$19) -> 149.49
A39: TOTAL | B39: =SUM(B32:B38) -> 15 | C39: =SUM(C32:C38) -> 458 | D39: =SUM(D32:D38) -> 18656 | E39: =SUM(E32:E38) -> 18656 | F39: =SUM(F32:F38) -> 12219.25 | G39: =SUM(G32:G38) -> 12219.25 | H39: =SUM(H32:H38) -> 10355.28
A41: • All 7 brand Gross and Net figures reconcile exactly to the sub-total lines printed under each brand block on the invoice.
A42: • 'Gross printed' and 'Net printed' are the Gross/Net figures typed under each brand block on the invoice. The adjacent calculated columns are formulas over the Line Items sheet.
A43: • GST is 18% on every line, so the invoice's single GST class (SGST 9% + CGST 9%) applies throughout.
A44: • MICO is billed at only 5% Disc 1 — far below the 28–45% on the rest of this invoice. Worth confirming that rate with the supplier.
