Workbook

Sheet Line Items
A1: Invoice No | B1: Invoice Date | C1: Brand / Group | D1: S.No | E1: Item Code | F1: Description | G1: HSN Code | H1: MRP | I1: Qty | J1: Unit | K1: Disc % | L1: Rate | M1: Taxable Amount | N1: CGST % | O1: CGST Amt | P1: SGST % | Q1: SGST Amt | R1: Line Total (Incl. GST) | S1: MRP Value (Gross) | T1: Rate Check | U1: Amount Check | V1: Variance | W1: Flag
A2: 5561GS | B2: 06/03/2026 | C2: GEANARAL | D2: 1 | E2: RT-175 | F2: RMP FORK OIL 175 ML | G2: 85122010 | H2: 45 | I2: 40 | J2: PC | L2: 45 | M2: 1525.42 | N2: 0.09 | O2: 137.29 | P2: 0.09 | Q2: 137.29 | R2: =M2+O2+P2 -> 1662.8 | S2: =H2*I2 -> 1800 | T2: =IF(K2="","",ROUND(H2*(1-K2),2)) | U2: =ROUND(L2*I2/1.18,2) -> 1525.42 | V2: =ROUND(M2-U2,2) -> 0 | W2: =IF(ABS(V2)>0.011,"CHECK","OK") -> OK
A3: 5561GS | B3: 06/03/2026 | C3: NV | D3: 2 | E3: NAJ235 | F3: AIR FILTER PLEASURE | G3: 40169330 | H3: 118 | I3: 5 | J3: PC | K3: 0.43 | L3: 67.26 | M3: 285 | N3: 0.09 | O3: 25.65 | P3: 0.09 | Q3: 25.65 | R3: =M3+O3+P3 -> 310.74 | S3: =H3*I3 -> 590 | T3: =IF(K3="","",ROUND(H3*(1-K3),2)) -> 67.26 | U3: =ROUND(L3*I3/1.18,2) -> 285 | V3: =ROUND(M3-U3,2) -> 0 | W3: =IF(ABS(V3)>0.011,"CHECK","OK") -> OK
A4: 5561GS | B4: 06/03/2026 | C4: NV | D4: 3 | E4: NRM001 | F4: AIR FILTER XL SUPER | G4: 40169330 | H4: 56 | I4: 5 | J4: PC | K4: 0.43 | L4: 31.92 | M4: 135.25 | N4: 0.09 | O4: 12.17 | P4: 0.09 | Q4: 12.17 | R4: =M4+O4+P4 -> 147.51 | S4: =H4*I4 -> 280 | T4: =IF(K4="","",ROUND(H4*(1-K4),2)) -> 31.92 | U4: =ROUND(L4*I4/1.18,2) -> 135.25 | V4: =ROUND(M4-U4,2) -> 0 | W4: =IF(ABS(V4)>0.011,"CHECK","OK") -> OK
A5: 5561GS | B5: 06/03/2026 | C5: FCC | D5: 4 | E5: FCC-016A | F5: HH CLUCH ASSY FCC | G5: 8714 | H5: 726 | I5: 3 | J5: SET | K5: 0.32 | L5: 493.68 | M5: 1255.12 | N5: 0.09 | O5: 112.96 | P5: 0.09 | Q5: 112.96 | R5: =M5+O5+P5 -> 1368.17 | S5: =H5*I5 -> 2178 | T5: =IF(K5="","",ROUND(H5*(1-K5),2)) -> 493.68 | U5: =ROUND(L5*I5/1.18,2) -> 1255.12 | V5: =ROUND(M5-U5,2) -> 0 | W5: =IF(ABS(V5)>0.011,"CHECK","OK") -> OK
A6: 5561GS | B6: 06/03/2026 | C6: FCC | D6: 5 | E6: FCC-125 | F6: GLAMAR CLUTCH ASSY FCC | G6: 8714 | H6: 1575 | I6: 3 | J6: SET | K6: 0.32 | L6: 1071 | M6: 2722.88 | N6: 0.09 | O6: 245.06 | P6: 0.09 | Q6: 245.06 | R6: =M6+O6+P6 -> 2968.03 | S6: =H6*I6 -> 4725 | T6: =IF(K6="","",ROUND(H6*(1-K6),2)) -> 1071 | U6: =ROUND(L6*I6/1.18,2) -> 2722.88 | V6: =ROUND(M6-U6,2) -> 0 | W6: =IF(ABS(V6)>0.011,"CHECK","OK") -> OK
A7: 5561GS | B7: 06/03/2026 | C7: FCC | D7: 6 | E7: FCC-SHI | F7: SHINE CLUTCH ASSY | G7: 87141090 | H7: 1363 | I7: 2 | J7: SET | K7: 0.32 | L7: 926.84 | M7: 1570.92 | N7: 0.09 | O7: 141.38 | P7: 0.09 | Q7: 141.38 | R7: =M7+O7+P7 -> 1712.39 | S7: =H7*I7 -> 2726 | T7: =IF(K7="","",ROUND(H7*(1-K7),2)) -> 926.84 | U7: =ROUND(L7*I7/1.18,2) -> 1570.92 | V7: =ROUND(M7-U7,2) -> 0 | W7: =IF(ABS(V7)>0.011,"CHECK","OK") -> OK
A8: 5561GS | B8: 06/03/2026 | C8: FCC | D8: 7 | E8: FCC-SHI6 | F8: SHINE CLUTCH ASSY BS6 | G8: 87141090 | H8: 1148 | I8: 2 | J8: SET | K8: 0.32 | L8: 780.64 | M8: 1323.12 | N8: 0.09 | O8: 119.08 | P8: 0.09 | Q8: 119.08 | R8: =M8+O8+P8 -> 1442.29 | S8: =H8*I8 -> 2296 | T8: =IF(K8="","",ROUND(H8*(1-K8),2)) -> 780.64 | U8: =ROUND(L8*I8/1.18,2) -> 1323.12 | V8: =ROUND(M8-U8,2) -> 0 | W8: =IF(ABS(V8)>0.011,"CHECK","OK") -> OK
A9: 5561GS | B9: 06/03/2026 | C9: FCC | D9: 8 | E9: FCC-UNI | F9: UNICORN CLUTCH ASSY FCC | G9: 87141090 | H9: 1426 | I9: 1 | J9: SET | K9: 0.32 | L9: 969.68 | M9: 821.76 | N9: 0.09 | O9: 73.96 | P9: 0.09 | Q9: 73.96 | R9: =M9+O9+P9 -> 895.81 | S9: =H9*I9 -> 1426 | T9: =IF(K9="","",ROUND(H9*(1-K9),2)) -> 969.68 | U9: =ROUND(L9*I9/1.18,2) -> 821.76 | V9: =ROUND(M9-U9,2) -> 0 | W9: =IF(ABS(V9)>0.011,"CHECK","OK") -> OK
A10: 5561GS | B10: 06/03/2026 | C10: FCC | D10: 9 | E10: FCC-UNI150 | F10: UNICORN CLUCH ASSY 150 BS6 | G10: 87141090 | H10: 1541 | I10: 2 | J10: SET | K10: 0.32 | L10: 1047.88 | M10: 1776.07 | N10: 0.09 | O10: 159.84 | P10: 0.09 | Q10: 159.84 | R10: =M10+O10+P10 -> 1936 | S10: =H10*I10 -> 3082 | T10: =IF(K10="","",ROUND(H10*(1-K10),2)) -> 1047.88 | U10: =ROUND(L10*I10/1.18,2) -> 1776.07 | V10: =ROUND(M10-U10,2) -> 0 | W10: =IF(ABS(V10)>0.011,"CHECK","OK") -> OK
A11: 5561GS | B11: 06/03/2026 | C11: LUMAX IND | D11: 10 | E11: 216-HLA-DT | F11: H L ASSY HF-DELUXE | G11: 85122010 | H11: 527 | I11: 4 | J11: PC | K11: 0.32 | L11: 358.36 | M11: 1214.78 | N11: 0.09 | O11: 109.33 | P11: 0.09 | Q11: 109.33 | R11: =M11+O11+P11 -> 1324.2 | S11: =H11*I11 -> 2108 | T11: =IF(K11="","",ROUND(H11*(1-K11),2)) -> 358.36 | U11: =ROUND(L11*I11/1.18,2) -> 1214.78 | V11: =ROUND(M11-U11,2) -> 0 | W11: =IF(ABS(V11)>0.011,"CHECK","OK") -> OK
A12: 5561GS | B12: 06/03/2026 | C12: LUMAX IND | D12: 11 | E12: 216-HLA-G | F12: H/L ASSY GLAMOUR | G12: 85122010 | H12: 695 | I12: 1 | K12: 0.32 | L12: 472.6 | M12: 400.51 | N12: 0.09 | O12: 36.04 | P12: 0.09 | Q12: 36.04 | R12: =M12+O12+P12 -> 436.64 | S12: =H12*I12 -> 695 | T12: =IF(K12="","",ROUND(H12*(1-K12),2)) -> 472.6 | U12: =ROUND(L12*I12/1.18,2) -> 400.51 | V12: =ROUND(M12-U12,2) -> 0 | W12: =IF(ABS(V12)>0.011,"CHECK","OK") -> OK
A13: 5561GS | B13: 06/03/2026 | C13: LUMAX IND | D13: 12 | E13: 216-HLA-SP | F13: HL ASSY SPLDR PLUS | G13: 85122010 | H13: 438 | I13: 3 | J13: PC | K13: 0.32 | L13: 297.84 | M13: 757.22 | N13: 0.09 | O13: 68.15 | P13: 0.09 | Q13: 68.15 | R13: =M13+O13+P13 -> 825.46 | S13: =H13*I13 -> 1314 | T13: =IF(K13="","",ROUND(H13*(1-K13),2)) -> 297.84 | U13: =ROUND(L13*I13/1.18,2) -> 757.22 | V13: =ROUND(M13-U13,2) -> 0 | W13: =IF(ABS(V13)>0.011,"CHECK","OK") -> OK
A14: 5561GS | B14: 06/03/2026 | C14: LUMAX IND | D14: 13 | E14: 216-HLU-GF | F14: H L UNIT GLAMR FI O/M | G14: 85122010 | H14: 694 | I14: 2 | J14: PC | K14: 0.32 | L14: 471.92 | M14: 799.86 | N14: 0.09 | O14: 71.99 | P14: 0.09 | Q14: 71.99 | R14: =M14+O14+P14 -> 871.94 | S14: =H14*I14 -> 1388 | T14: =IF(K14="","",ROUND(H14*(1-K14),2)) -> 471.92 | U14: =ROUND(L14*I14/1.18,2) -> 799.86 | V14: =ROUND(M14-U14,2) -> 0 | W14: =IF(ABS(V14)>0.011,"CHECK","OK") -> OK
A15: 5561GS | B15: 06/03/2026 | C15: LUMAX IND | D15: 14 | E15: 216-HLU-XT | F15: CBZ X H L ASSY | G15: 85122010 | H15: 583 | I15: 1 | J15: SET | K15: 0.32 | L15: 396.44 | M15: 335.97 | N15: 0.09 | O15: 30.23 | P15: 0.09 | Q15: 30.23 | R15: =M15+O15+P15 -> 366.29 | S15: =H15*I15 -> 583 | T15: =IF(K15="","",ROUND(H15*(1-K15),2)) -> 396.44 | U15: =ROUND(L15*I15/1.18,2) -> 335.97 | V15: =ROUND(M15-U15,2) -> 0 | W15: =IF(ABS(V15)>0.011,"CHECK","OK") -> OK
A16: 5561GS | B16: 06/03/2026 | C16: LUMAX IND | D16: 15 | E16: 216-HLU-N | F16: H/L ASSY PASSION PLUS | G16: 85122010 | H16: 445 | I16: 4 | J16: PC | K16: 0.32 | L16: 302.6 | M16: 1025.76 | N16: 0.09 | O16: 92.32 | P16: 0.09 | Q16: 92.32 | R16: =M16+O16+P16 -> 1118.17 | S16: =H16*I16 -> 1780 | T16: =IF(K16="","",ROUND(H16*(1-K16),2)) -> 302.6 | U16: =ROUND(L16*I16/1.18,2) -> 1025.76 | V16: =ROUND(M16-U16,2) -> 0 | W16: =IF(ABS(V16)>0.011,"CHECK","OK") -> OK
A17: 5561GS | B17: 06/03/2026 | C17: LUMAX IND | D17: 16 | E17: 224-BLA-XL | F17: IND SET XL SUPER FR LONG STAY | G17: 85122010 | H17: 194 | I17: 10 | J17: SET | K17: 0.35 | L17: 126.1 | M17: 1068.64 | N17: 0.09 | O17: 96.18 | P17: 0.09 | Q17: 96.18 | R17: =M17+O17+P17 -> 1164.91 | S17: =H17*I17 -> 1940 | T17: =IF(K17="","",ROUND(H17*(1-K17),2)) -> 126.1 | U17: =ROUND(L17*I17/1.18,2) -> 1068.64 | V17: =ROUND(M17-U17,2) -> 0 | W17: =IF(ABS(V17)>0.011,"CHECK","OK") -> OK
A18: 5561GS | B18: 06/03/2026 | C18: LUMAX IND | D18: 17 | E18: 224-BLA-XL | F18: IND SET XL REAR | G18: 85122010 | H18: 184 | I18: 10 | J18: ST | K18: 0.35 | L18: 119.6 | M18: 1013.56 | N18: 0.09 | O18: 91.22 | P18: 0.09 | Q18: 91.22 | R18: =M18+O18+P18 -> 1104.87 | S18: =H18*I18 -> 1840 | T18: =IF(K18="","",ROUND(H18*(1-K18),2)) -> 119.6 | U18: =ROUND(L18*I18/1.18,2) -> 1013.56 | V18: =ROUND(M18-U18,2) -> 0 | W18: =IF(ABS(V18)>0.011,"CHECK","OK") -> OK
A19: 5561GS | B19: 06/03/2026 | C19: LUMAX IND | D19: 18 | E19: 225-HLU-AC | F19: ACCESS H L UNIT 125CC N/M | G19: 85122010 | H19: 598 | I19: 1 | J19: PC | K19: 0.32 | L19: 406.64 | M19: 344.61 | N19: 0.09 | O19: 31.01 | P19: 0.09 | Q19: 31.01 | R19: =M19+O19+P19 -> 375.71 | S19: =H19*I19 -> 598 | T19: =IF(K19="","",ROUND(H19*(1-K19),2)) -> 406.64 | U19: =ROUND(L19*I19/1.18,2) -> 344.61 | V19: =ROUND(M19-U19,2) -> 0 | W19: =IF(ABS(V19)>0.011,"CHECK","OK") -> OK
A20: 5561GS | B20: 06/03/2026 | C20: LUMAX IND | D20: 19 | E20: 225-HLU-AC | F20: ACCESS H L UNIT 125CC N/M | G20: 85122010 | H20: 598 | I20: 1 | J20: PC | K20: 0.32 | L20: 406.64 | M20: 344.61 | N20: 0.09 | O20: 31.01 | P20: 0.09 | Q20: 31.01 | R20: =M20+O20+P20 -> 375.71 | S20: =H20*I20 -> 598 | T20: =IF(K20="","",ROUND(H20*(1-K20),2)) -> 406.64 | U20: =ROUND(L20*I20/1.18,2) -> 344.61 | V20: =ROUND(M20-U20,2) -> 0 | W20: =IF(ABS(V20)>0.011,"CHECK","OK") -> OK
A21: 5561GS | B21: 06/03/2026 | C21: LUMAX IND | D21: 20 | E21: 225-HLUA | F21: ACCESS H L ASSY | G21: 85122010 | H21: 568 | I21: 2 | J21: PC | K21: 0.32 | L21: 386.24 | M21: 654.64 | N21: 0.09 | O21: 58.92 | P21: 0.09 | Q21: 58.92 | R21: =M21+O21+P21 -> 713.65 | S21: =H21*I21 -> 1136 | T21: =IF(K21="","",ROUND(H21*(1-K21),2)) -> 386.24 | U21: =ROUND(L21*I21/1.18,2) -> 654.64 | V21: =ROUND(M21-U21,2) -> 0 | W21: =IF(ABS(V21)>0.011,"CHECK","OK") -> OK
A22: 5561GS | B22: 06/03/2026 | C22: LUMAX IND | D22: 21 | E22: 238-HLU-UN | F22: UNICORON HL ASYY NEW | G22: 85122010 | H22: 899 | I22: 2 | J22: PC | K22: 0.32 | L22: 611.32 | M22: 1036.14 | N22: 0.09 | O22: 93.25 | P22: 0.09 | Q22: 93.25 | R22: =M22+O22+P22 -> 1129.48 | S22: =H22*I22 -> 1798 | T22: =IF(K22="","",ROUND(H22*(1-K22),2)) -> 611.32 | U22: =ROUND(L22*I22/1.18,2) -> 1036.14 | V22: =ROUND(M22-U22,2) -> 0 | W22: =IF(ABS(V22)>0.011,"CHECK","OK") -> OK
A23: 5561GS | B23: 06/03/2026 | C23: LUMAX IND | D23: 22 | E23: 239-HLA-5G | F23: ACTIVA 5G H L ASSY | G23: 85122010 | H23: 1835 | I23: 2 | J23: SET | K23: 0.32 | L23: 1247.8 | M23: 2114.92 | N23: 0.09 | O23: 190.34 | P23: 0.09 | Q23: 190.34 | R23: =M23+O23+P23 -> 2305.35 | S23: =H23*I23 -> 3670 | T23: =IF(K23="","",ROUND(H23*(1-K23),2)) -> 1247.8 | U23: =ROUND(L23*I23/1.18,2) -> 2114.92 | V23: =ROUND(M23-U23,2) -> 0 | W23: =IF(ABS(V23)>0.011,"CHECK","OK") -> OK
A24: 5561GS | B24: 06/03/2026 | C24: LUMAX IND | D24: 23 | E24: 239-HLA-6G | F24: HEAD LIGHT ASSY ACTIVA 6G | G24: 85122010 | H24: 556 | I24: 2 | J24: PC | K24: 0.32 | L24: 378.08 | M24: 640.81 | N24: 0.09 | O24: 57.67 | P24: 0.09 | Q24: 57.67 | R24: =M24+O24+P24 -> 698.57 | S24: =H24*I24 -> 1112 | T24: =IF(K24="","",ROUND(H24*(1-K24),2)) -> 378.08 | U24: =ROUND(L24*I24/1.18,2) -> 640.81 | V24: =ROUND(M24-U24,2) -> 0 | W24: =IF(ABS(V24)>0.011,"CHECK","OK") -> OK
... A27: 5561GS | B27: 06/03/2026 | C27: LUMAX IND | D27: 26 | E27: 248-HLA-UG | F27: PULSAR UG3 H L ASSY | G27: 85122010 | H27: 1011 | I27: 2 | J27: PC | K27: 0.32 | L27: 687.48 | M27: 1165.22 | N27: 0.09 | O27: 104.87 | P27: 0.09 | Q27: 104.87 | R27: =M27+O27+P27 -> 1270.18 | S27: =H27*I27 -> 2022 | T27: =IF(K27="","",ROUND(H27*(1-K27),2)) -> 687.48 | U27: =ROUND(L27*I27/1.18,2) -> 1165.22 | V27: =ROUND(M27-U27,2) -> 0 | W27: =IF(ABS(V27)>0.011,"CHECK","OK") -> OK
A28: 5561GS | B28: 06/03/2026 | C28: LUMAX IND | D28: 27 | E28: 254-HLUD | F28: PLATINA H L ASSY | G28: 85122010 | H28: 577 | I28: 2 | K28: 0.32 | L28: 392.36 | M28: 665.02 | N28: 0.09 | O28: 59.85 | P28: 0.09 | Q28: 59.85 | R28: =M28+O28+P28 -> 724.96 | S28: =H28*I28 -> 1154 | T28: =IF(K28="","",ROUND(H28*(1-K28),2)) -> 392.36 | U28: =ROUND(L28*I28/1.18,2) -> 665.02 | V28: =ROUND(M28-U28,2) -> 0 | W28: =IF(ABS(V28)>0.011,"CHECK","OK") -> OK
A29: 5561GS | B29: 06/03/2026 | C29: LUMAX IND | D29: 28 | E29: 260-HLU-HS | F29: H/L UNIT SHINE N\M WT PARKING | G29: 85122010 | H29: 800 | I29: 2 | J29: PC | K29: 0.32 | L29: 544 | M29: 922.03 | N29: 0.09 | O29: 82.98 | P29: 0.09 | Q29: 82.98 | R29: =M29+O29+P29 -> 1005.1 | S29: =H29*I29 -> 1600 | T29: =IF(K29="","",ROUND(H29*(1-K29),2)) -> 544 | U29: =ROUND(L29*I29/1.18,2) -> 922.03 | V29: =ROUND(M29-U29,2) -> 0 | W29: =IF(ABS(V29)>0.011,"CHECK","OK") -> OK
A30: 5561GS | B30: 06/03/2026 | C30: LUMAX IND | D30: 29 | E30: 260-HLUD | F30: SHINE H L ASSY | G30: 85122010 | H30: 608 | I30: 2 | J30: SET | K30: 0.32 | L30: 413.44 | M30: 700.75 | N30: 0.09 | O30: 63.06 | P30: 0.09 | Q30: 63.06 | R30: =M30+O30+P30 -> 763.9 | S30: =H30*I30 -> 1216 | T30: =IF(K30="","",ROUND(H30*(1-K30),2)) -> 413.44 | U30: =ROUND(L30*I30/1.18,2) -> 700.75 | V30: =ROUND(M30-U30,2) -> 0 | W30: =IF(ABS(V30)>0.011,"CHECK","OK") -> OK
A31: 5561GS | B31: 06/03/2026 | C31: GABRIEL OIL | D31: 30 | E31: GM-FF34011 | F31: FORK OIL 350 ML | G31: 27101980 | H31: 98 | I31: 10 | J31: PC | L31: 98 | M31: 830.51 | N31: 0.09 | O31: 74.74 | P31: 0.09 | Q31: 74.74 | R31: =M31+O31+P31 -> 905.34 | S31: =H31*I31 -> 980 | T31: =IF(K31="","",ROUND(H31*(1-K31),2)) | U31: =ROUND(L31*I31/1.18,2) -> 830.51 | V31: =ROUND(M31-U31,2) -> 0 | W31: =IF(ABS(V31)>0.011,"CHECK","OK") -> OK
A32: 5563GS | B32: 06/03/2026 | C32: SAI | D32: 1 | E32: SAI-03 | F32: UNICORN FF BLACK | G32: 87141090 | H32: 490 | I32: 2 | J32: PC | K32: 0.38 | L32: 303.8 | M32: 514.92 | N32: 0.09 | O32: 46.34 | P32: 0.09 | Q32: 46.34 | R32: =M32+O32+P32 -> 561.35 | S32: =H32*I32 -> 980 | T32: =IF(K32="","",ROUND(H32*(1-K32),2)) -> 303.8 | U32: =ROUND(L32*I32/1.18,2) -> 514.92 | V32: =ROUND(M32-U32,2) -> 0 | W32: =IF(ABS(V32)>0.011,"CHECK","OK") -> OK
A33: 5563GS | B33: 06/03/2026 | C33: SAI | D33: 2 | E33: SAI-102 | F33: SIDE COVER SPLENDER PLUS BLACK(BLUE) | G33: 87141090 | H33: 550 | I33: 2 | J33: SET | K33: 0.38 | L33: 341 | M33: 577.97 | N33: 0.09 | O33: 52.01 | P33: 0.09 | Q33: 52.01 | R33: =M33+O33+P33 -> 630.07 | S33: =H33*I33 -> 1100 | T33: =IF(K33="","",ROUND(H33*(1-K33),2)) -> 341 | U33: =ROUND(L33*I33/1.18,2) -> 577.97 | V33: =ROUND(M33-U33,2) -> 0 | W33: =IF(ABS(V33)>0.011,"CHECK","OK") -> OK
A34: 5563GS | B34: 06/03/2026 | C34: SAI | D34: 3 | E34: SAI-120 | F34: FRONT FENDER SHINE BLACK | G34: 87141090 | H34: 475 | I34: 4 | J34: PC | K34: 0.38 | L34: 294.5 | M34: 998.31 | N34: 0.09 | O34: 89.84 | P34: 0.09 | Q34: 89.84 | R34: =M34+O34+P34 -> 1088.24 | S34: =H34*I34 -> 1900 | T34: =IF(K34="","",ROUND(H34*(1-K34),2)) -> 294.5 | U34: =ROUND(L34*I34/1.18,2) -> 998.31 | V34: =ROUND(M34-U34,2) -> 0 | W34: =IF(ABS(V34)>0.011,"CHECK","OK") -> OK
A35: 5563GS | B35: 06/03/2026 | C35: SAI | D35: 4 | E35: SAI-131 | F35: REAR COWL SPLENDER+ BLACK(BLUE) | G35: 87141090 | H35: 460 | I35: 2 | J35: SET | K35: 0.38 | L35: 285.2 | M35: 483.39 | N35: 0.09 | O35: 43.5 | P35: 0.09 | Q35: 43.5 | R35: =M35+O35+P35 -> 526.98 | S35: =H35*I35 -> 920 | T35: =IF(K35="","",ROUND(H35*(1-K35),2)) -> 285.2 | U35: =ROUND(L35*I35/1.18,2) -> 483.39 | V35: =ROUND(M35-U35,2) -> 0 | W35: =IF(ABS(V35)>0.011,"CHECK","OK") -> OK
A36: 5563GS | B36: 06/03/2026 | C36: SAI | D36: 5 | E36: SAI-131I | F36: REAR COWL SPLENDER PLUS BLACK (SILVER) | G36: 87141090 | H36: 460 | I36: 2 | J36: SET | K36: 0.38 | L36: 285.2 | M36: 483.39 | N36: 0.09 | O36: 43.5 | P36: 0.09 | Q36: 43.5 | R36: =M36+O36+P36 -> 526.98 | S36: =H36*I36 -> 920 | T36: =IF(K36="","",ROUND(H36*(1-K36),2)) -> 285.2 | U36: =ROUND(L36*I36/1.18,2) -> 483.39 | V36: =ROUND(M36-U36,2) -> 0 | W36: =IF(ABS(V36)>0.011,"CHECK","OK") -> OK
A37: 5563GS | B37: 06/03/2026 | C37: SAI | D37: 6 | E37: SAI-132 | F37: SIDE COVER SPLENDER PLUS NM BLACK(BL) | G37: 87141090 | H37: 535 | I37: 2 | J37: SET | K37: 0.38 | L37: 331.7 | M37: 562.2 | N37: 0.09 | O37: 50.6 | P37: 0.09 | Q37: 50.6 | R37: =M37+O37+P37 -> 612.89 | S37: =H37*I37 -> 1070 | T37: =IF(K37="","",ROUND(H37*(1-K37),2)) -> 331.7 | U37: =ROUND(L37*I37/1.18,2) -> 562.2 | V37: =ROUND(M37-U37,2) -> 0 | W37: =IF(ABS(V37)>0.011,"CHECK","OK") -> OK
A38: 5563GS | B38: 06/03/2026 | C38: SAI | D38: 7 | E38: SAI-132I | F38: SPLENDOR PLUS BLACK/SILVER SIDE DOOR | G38: 87141090 | H38: 535 | I38: 2 | J38: SET | K38: 0.38 | L38: 331.7 | M38: 562.2 | N38: 0.09 | O38: 50.6 | P38: 0.09 | Q38: 50.6 | R38: =M38+O38+P38 -> 612.89 | S38: =H38*I38 -> 1070 | T38: =IF(K38="","",ROUND(H38*(1-K38),2)) -> 331.7 | U38: =ROUND(L38*I38/1.18,2) -> 562.2 | V38: =ROUND(M38-U38,2) -> 0 | W38: =IF(ABS(V38)>0.011,"CHECK","OK") -> OK
A39: 5563GS | B39: 06/03/2026 | C39: SAI | D39: 8 | E39: SAI-14 | F39: CBZ X BLACK FF | G39: 87141090 | H39: 565 | I39: 2 | J39: PC | K39: 0.38 | L39: 350.3 | M39: 593.73 | N39: 0.09 | O39: 53.43 | P39: 0.09 | Q39: 53.43 | R39: =M39+O39+P39 -> 647.25 | S39: =H39*I39 -> 1130 | T39: =IF(K39="","",ROUND(H39*(1-K39),2)) -> 350.3 | U39: =ROUND(L39*I39/1.18,2) -> 593.73 | V39: =ROUND(M39-U39,2) -> 0 | W39: =IF(ABS(V39)>0.011,"CHECK","OK") -> OK
A40: 5563GS | B40: 06/03/2026 | C40: SAI | D40: 9 | E40: SAI-157 | F40: HLV SHINE LATEST BLACK RED STICKER | G40: 87141090 | H40: 590 | I40: 3 | J40: SET | K40: 0.38 | L40: 365.8 | M40: 930 | N40: 0.09 | O40: 83.7 | P40: 0.09 | Q40: 83.7 | R40: =M40+O40+P40 -> 1013.79 | S40: =H40*I40 -> 1770 | T40: =IF(K40="","",ROUND(H40*(1-K40),2)) -> 365.8 | U40: =ROUND(L40*I40/1.18,2) -> 930 | V40: =ROUND(M40-U40,2) -> 0 | W40: =IF(ABS(V40)>0.011,"CHECK","OK") -> OK
A41: 5563GS | B41: 06/03/2026 | C41: SAI | D41: 10 | E41: SAI-159 | F41: HLV PASSION PRO BLACK (RED STICKERS) | G41: 87141090 | H41: 740 | I41: 4 | J41: SET | K41: 0.38 | L41: 458.8 | M41: 1555.25 | N41: 0.09 | O41: 139.97 | P41: 0.09 | Q41: 139.97 | R41: =M41+O41+P41 -> 1695.31 | S41: =H41*I41 -> 2960 | T41: =IF(K41="","",ROUND(H41*(1-K41),2)) -> 458.8 | U41: =ROUND(L41*I41/1.18,2) -> 1555.25 | V41: =ROUND(M41-U41,2) -> 0 | W41: =IF(ABS(V41)>0.011,"CHECK","OK") -> OK
A42: 5563GS | B42: 06/03/2026 | C42: SAI | D42: 11 | E42: SAI-159A | F42: HLV PASSION PRO BLACK (BLUE STICKERS) | G42: 87141090 | H42: 740 | I42: 4 | J42: PC | K42: 0.38 | L42: 458.8 | M42: 1555.25 | N42: 0.09 | O42: 139.97 | P42: 0.09 | Q42: 139.97 | R42: =M42+O42+P42 -> 1695.31 | S42: =H42*I42 -> 2960 | T42: =IF(K42="","",ROUND(H42*(1-K42),2)) -> 458.8 | U42: =ROUND(L42*I42/1.18,2) -> 1555.25 | V42: =ROUND(M42-U42,2) -> 0 | W42: =IF(ABS(V42)>0.011,"CHECK","OK") -> OK
A43: 5563GS | B43: 06/03/2026 | C43: SAI | D43: 12 | E43: SAI-168 | F43: HLV W/G DISCOVER 100CC BLACK RED STI | G43: 87141090 | H43: 710 | I43: 3 | J43: SET | K43: 0.38 | L43: 440.2 | M43: 1119.15 | N43: 0.09 | O43: 100.72 | P43: 0.09 | Q43: 100.72 | R43: =M43+O43+P43 -> 1219.96 | S43: =H43*I43 -> 2130 | T43: =IF(K43="","",ROUND(H43*(1-K43),2)) -> 440.2 | U43: =ROUND(L43*I43/1.18,2) -> 1119.15 | V43: =ROUND(M43-U43,2) -> 0 | W43: =IF(ABS(V43)>0.011,"CHECK","OK") -> OK
... A55: 5563GS | B55: 06/03/2026 | C55: SAI | D55: 24 | E55: SAI-186B | F55: HLV PASSION PRO DIG BLACK(GREY STICK) | G55: 87141090 | H55: 695 | I55: 4 | J55: PC | K55: 0.38 | L55: 430.9 | M55: 1460.68 | N55: 0.09 | O55: 131.46 | P55: 0.09 | Q55: 131.46 | R55: =M55+O55+P55 -> 1592.23 | S55: =H55*I55 -> 2780 | T55: =IF(K55="","",ROUND(H55*(1-K55),2)) -> 430.9 | U55: =ROUND(L55*I55/1.18,2) -> 1460.68 | V55: =ROUND(M55-U55,2) -> 0 | W55: =IF(ABS(V55)>0.011,"CHECK","OK") -> OK
A56: 5563GS | B56: 06/03/2026 | C56: SAI | D56: 25 | E56: SAI-195 | F56: SIDE COVER PASSION PRO S RED RED STI | G56: 87141090 | H56: 690 | I56: 2 | K56: 0.38 | L56: 427.8 | M56: 725.08 | N56: 0.09 | O56: 65.26 | P56: 0.09 | Q56: 65.26 | R56: =M56+O56+P56 -> 790.43 | S56: =H56*I56 -> 1380 | T56: =IF(K56="","",ROUND(H56*(1-K56),2)) -> 427.8 | U56: =ROUND(L56*I56/1.18,2) -> 725.08 | V56: =ROUND(M56-U56,2) -> 0 | W56: =IF(ABS(V56)>0.011,"CHECK","OK") -> OK
A57: 5563GS | B57: 06/03/2026 | C57: SAI | D57: 26 | E57: SAI-195B | F57: SIDE COVER PASSION PRO DIG GREY GREY | G57: 87141090 | H57: 690 | I57: 2 | J57: PC | K57: 0.38 | L57: 427.8 | M57: 725.08 | N57: 0.09 | O57: 65.26 | P57: 0.09 | Q57: 65.26 | R57: =M57+O57+P57 -> 790.43 | S57: =H57*I57 -> 1380 | T57: =IF(K57="","",ROUND(H57*(1-K57),2)) -> 427.8 | U57: =ROUND(L57*I57/1.18,2) -> 725.08 | V57: =ROUND(M57-U57,2) -> 0 | W57: =IF(ABS(V57)>0.011,"CHECK","OK") -> OK
A58: 5563GS | B58: 06/03/2026 | C58: SAI | D58: 27 | E58: SAI-196 | F58: REAL COWL PASSION PRO DIGITAL S RED | G58: 87141090 | H58: 760 | I58: 2 | J58: SET | K58: 0.38 | L58: 471.2 | M58: 798.64 | N58: 0.09 | O58: 71.88 | P58: 0.09 | Q58: 71.88 | R58: =M58+O58+P58 -> 870.61 | S58: =H58*I58 -> 1520 | T58: =IF(K58="","",ROUND(H58*(1-K58),2)) -> 471.2 | U58: =ROUND(L58*I58/1.18,2) -> 798.64 | V58: =ROUND(M58-U58,2) -> 0 | W58: =IF(ABS(V58)>0.011,"CHECK","OK") -> OK
A59: 5563GS | B59: 06/03/2026 | C59: SAI | D59: 28 | E59: SAI-196B | F59: REAL COWL PASSION PRO DIG GREYE(BLAC) | G59: 87141090 | H59: 760 | I59: 2 | J59: SET | K59: 0.38 | L59: 471.2 | M59: 798.64 | N59: 0.09 | O59: 71.88 | P59: 0.09 | Q59: 71.88 | R59: =M59+O59+P59 -> 870.61 | S59: =H59*I59 -> 1520 | T59: =IF(K59="","",ROUND(H59*(1-K59),2)) -> 471.2 | U59: =ROUND(L59*I59/1.18,2) -> 798.64 | V59: =ROUND(M59-U59,2) -> 0 | W59: =IF(ABS(V59)>0.011,"CHECK","OK") -> OK
A60: 5563GS | B60: 06/03/2026 | C60: SAI | D60: 29 | E60: SAI-210 | F60: REAR COWEL CB UNICORN N/M BLACK | G60: 87141090 | H60: 1215 | I60: 2 | J60: ST | K60: 0.38 | L60: 753.3 | M60: 1276.78 | N60: 0.09 | O60: 114.91 | P60: 0.09 | Q60: 114.91 | R60: =M60+O60+P60 -> 1391.78 | S60: =H60*I60 -> 2430 | T60: =IF(K60="","",ROUND(H60*(1-K60),2)) -> 753.3 | U60: =ROUND(L60*I60/1.18,2) -> 1276.78 | V60: =ROUND(M60-U60,2) -> 0 | W60: =IF(ABS(V60)>0.011,"CHECK","OK") -> OK
A61: 5563GS | B61: 06/03/2026 | C61: SAI | D61: 30 | E61: SAI-216B | F61: REAR COWLS CENTER PLATE GLAMOUR S RE | G61: 87141090 | H61: 180 | I61: 5 | J61: PC | K61: 0.38 | L61: 111.6 | M61: 472.88 | N61: 0.09 | O61: 42.56 | P61: 0.09 | Q61: 42.56 | R61: =M61+O61+P61 -> 515.53 | S61: =H61*I61 -> 900 | T61: =IF(K61="","",ROUND(H61*(1-K61),2)) -> 111.6 | U61: =ROUND(L61*I61/1.18,2) -> 472.88 | V61: =ROUND(M61-U61,2) -> 0 | W61: =IF(ABS(V61)>0.011,"CHECK","OK") -> OK
A62: 5563GS | B62: 06/03/2026 | C62: SAI | D62: 31 | E62: SAI-216F | F62: REAR COWL CENTER PLAT BLUE | G62: 87141090 | H62: 180 | I62: 5 | J62: PC | K62: 0.38 | L62: 111.6 | M62: 472.88 | N62: 0.09 | O62: 42.56 | P62: 0.09 | Q62: 42.56 | R62: =M62+O62+P62 -> 515.53 | S62: =H62*I62 -> 900 | T62: =IF(K62="","",ROUND(H62*(1-K62),2)) -> 111.6 | U62: =ROUND(L62*I62/1.18,2) -> 472.88 | V62: =ROUND(M62-U62,2) -> 0 | W62: =IF(ABS(V62)>0.011,"CHECK","OK") -> OK
A63: 5563GS | B63: 06/03/2026 | C63: SAI | D63: 32 | E63: SAI-222 | F63: REAR COWL"U"PLATE GLAMOUR BLACK | G63: 87141090 | H63: 95 | I63: 10 | J63: PC | K63: 0.38 | L63: 58.9 | M63: 499.15 | N63: 0.09 | O63: 44.92 | P63: 0.09 | Q63: 44.92 | R63: =M63+O63+P63 -> 544.16 | S63: =H63*I63 -> 950 | T63: =IF(K63="","",ROUND(H63*(1-K63),2)) -> 58.9 | U63: =ROUND(L63*I63/1.18,2) -> 499.15 | V63: =ROUND(M63-U63,2) -> 0 | W63: =IF(ABS(V63)>0.011,"CHECK","OK") -> OK
A64: 5563GS | B64: 06/03/2026 | C64: SAI | D64: 33 | E64: SAI-267 | F64: FF GLAMOUR LATEST BLACK | G64: 87141090 | H64: 540 | I64: 4 | J64: PC | K64: 0.38 | L64: 334.8 | M64: 1134.92 | N64: 0.09 | O64: 102.14 | P64: 0.09 | Q64: 102.14 | R64: =M64+O64+P64 -> 1237.15 | S64: =H64*I64 -> 2160 | T64: =IF(K64="","",ROUND(H64*(1-K64),2)) -> 334.8 | U64: =ROUND(L64*I64/1.18,2) -> 1134.92 | V64: =ROUND(M64-U64,2) -> 0 | W64: =IF(ABS(V64)>0.011,"CHECK","OK") -> OK
A65: 5563GS | B65: 06/03/2026 | C65: SAI | D65: 34 | E65: SAI-267A | F65: FF GLAMOUR LATEST RED | G65: 87141090 | H65: 540 | I65: 2 | J65: PC | K65: 0.38 | L65: 334.8 | M65: 567.46 | N65: 0.09 | O65: 51.07 | P65: 0.09 | Q65: 51.07 | R65: =M65+O65+P65 -> 618.62 | S65: =H65*I65 -> 1080 | T65: =IF(K65="","",ROUND(H65*(1-K65),2)) -> 334.8 | U65: =ROUND(L65*I65/1.18,2) -> 567.46 | V65: =ROUND(M65-U65,2) -> 0 | W65: =IF(ABS(V65)>0.011,"CHECK","OK") -> OK
A66: 5563GS | B66: 06/03/2026 | C66: SAI | D66: 35 | E66: SAI-289 | F66: REAR COWEL CBZ XTREM BLACK | G66: 87141090 | H66: 1015 | I66: 2 | J66: SET | K66: 0.38 | L66: 629.3 | M66: 1066.61 | N66: 0.09 | O66: 95.99 | P66: 0.09 | Q66: 95.99 | R66: =M66+O66+P66 -> 1162.69 | S66: =H66*I66 -> 2030 | T66: =IF(K66="","",ROUND(H66*(1-K66),2)) -> 629.3 | U66: =ROUND(L66*I66/1.18,2) -> 1066.61 | V66: =ROUND(M66-U66,2) -> 0 | W66: =IF(ABS(V66)>0.011,"CHECK","OK") -> OK
A67: 5563GS | B67: 06/03/2026 | C67: SAI | D67: 36 | E67: SAI-294 | F67: HLV CB SHINE N/M T5 BLACK | G67: 87141090 | H67: 575 | I67: 3 | J67: PC | K67: 0.38 | L67: 356.5 | M67: 906.36 | N67: 0.09 | O67: 81.57 | P67: 0.09 | Q67: 81.57 | R67: =M67+O67+P67 -> 988.02 | S67: =H67*I67 -> 1725 | T67: =IF(K67="","",ROUND(H67*(1-K67),2)) -> 356.5 | U67: =ROUND(L67*I67/1.18,2) -> 906.36 | V67: =ROUND(M67-U67,2) -> 0 | W67: =IF(ABS(V67)>0.011,"CHECK","OK") -> OK
A68: 5563GS | B68: 06/03/2026 | C68: SAI | D68: 37 | E68: SAI-314-CG | F68: CB UNICORN SEDE DOORS SET | G68: 87141090 | H68: 865 | I68: 1 | J68: SET | K68: 0.38 | L68: 536.3 | M68: 454.49 | N68: 0.09 | O68: 40.9 | P68: 0.09 | Q68: 40.9 | R68: =M68+O68+P68 -> 495.48 | S68: =H68*I68 -> 865 | T68: =IF(K68="","",ROUND(H68*(1-K68),2)) -> 536.3 | U68: =ROUND(L68*I68/1.18,2) -> 454.49 | V68: =ROUND(M68-U68,2) -> 0 | W68: =IF(ABS(V68)>0.011,"CHECK","OK") -> OK
... A107: 5563GS | B107: 06/03/2026 | C107: SAI | D107: 76 | E107: SAI-618 | F107: S\C SHINE DX CHROME GARNISH BLACK | G107: 87141090 | H107: 1150 | I107: 3 | J107: PC | K107: 0.38 | L107: 713 | M107: 1812.71 | N107: 0.09 | O107: 163.14 | P107: 0.09 | Q107: 163.14 | R107: =M107+O107+P107 -> 1975.94 | S107: =H107*I107 -> 3450 | T107: =IF(K107="","",ROUND(H107*(1-K107),2)) -> 713 | U107: =ROUND(L107*I107/1.18,2) -> 1812.71 | V107: =ROUND(M107-U107,2) -> 0 | W107: =IF(ABS(V107)>0.011,"CHECK","OK") -> OK
A108: 5563GS | B108: 06/03/2026 | C108: SAI | D108: 77 | E108: SAI-619 | F108: Side Cowl Set Fit For Shine Dx Type- | G108: 87141090 | H108: 1130 | I108: 1 | K108: 0.38 | L108: 700.6 | M108: 593.73 | N108: 0.09 | O108: 53.43 | P108: 0.09 | Q108: 53.43 | R108: =M108+O108+P108 -> 647.25 | S108: =H108*I108 -> 1130 | T108: =IF(K108="","",ROUND(H108*(1-K108),2)) -> 700.6 | U108: =ROUND(L108*I108/1.18,2) -> 593.73 | V108: =ROUND(M108-U108,2) -> 0 | W108: =IF(ABS(V108)>0.011,"CHECK","OK") -> OK
A109: 5563GS | B109: 06/03/2026 | C109: SAI | D109: 78 | E109: SAI-628 | F109: REAR COWL SHINE DX BLACK | G109: 87141090 | H109: 940 | I109: 2 | J109: PC | K109: 0.38 | L109: 582.8 | M109: 987.8 | N109: 0.09 | O109: 88.9 | P109: 0.09 | Q109: 88.9 | R109: =M109+O109+P109 -> 1076.79 | S109: =H109*I109 -> 1880 | T109: =IF(K109="","",ROUND(H109*(1-K109),2)) -> 582.8 | U109: =ROUND(L109*I109/1.18,2) -> 987.8 | V109: =ROUND(M109-U109,2) -> 0 | W109: =IF(ABS(V109)>0.011,"CHECK","OK") -> OK
A110: 5563GS | B110: 06/03/2026 | C110: SAI | D110: 79 | E110: SAI-629 | F110: REAR COWL SHINE DX TYPE-2 BLACK | G110: 87141090 | H110: 860 | I110: 2 | J110: PC | K110: 0.38 | L110: 533.2 | M110: 903.73 | N110: 0.09 | O110: 81.33 | P110: 0.09 | Q110: 81.33 | R110: =M110+O110+P110 -> 985.15 | S110: =H110*I110 -> 1720 | T110: =IF(K110="","",ROUND(H110*(1-K110),2)) -> 533.2 | U110: =ROUND(L110*I110/1.18,2) -> 903.73 | V110: =ROUND(M110-U110,2) -> 0 | W110: =IF(ABS(V110)>0.011,"CHECK","OK") -> OK
A111: 5563GS | B111: 06/03/2026 | C111: SAI | D111: 80 | E111: SAI-63 | F111: FF SPLENDOR BLACK | G111: 87141090 | H111: 385 | I111: 4 | J111: PC | K111: 0.38 | L111: 238.7 | M111: 809.15 | N111: 0.09 | O111: 72.82 | P111: 0.09 | Q111: 72.82 | R111: =M111+O111+P111 -> 882.06 | S111: =H111*I111 -> 1540 | T111: =IF(K111="","",ROUND(H111*(1-K111),2)) -> 238.7 | U111: =ROUND(L111*I111/1.18,2) -> 809.15 | V111: =ROUND(M111-U111,2) -> 0 | W111: =IF(ABS(V111)>0.011,"CHECK","OK") -> OK
A112: 5563GS | B112: 06/03/2026 | C112: SAI | D112: 81 | E112: SAI-65 | F112: FF PASSION/PLUS BLACK | G112: 87141090 | H112: 385 | I112: 4 | J112: PC | K112: 0.38 | L112: 238.7 | M112: 809.15 | N112: 0.09 | O112: 72.82 | P112: 0.09 | Q112: 72.82 | R112: =M112+O112+P112 -> 882.06 | S112: =H112*I112 -> 1540 | T112: =IF(K112="","",ROUND(H112*(1-K112),2)) -> 238.7 | U112: =ROUND(L112*I112/1.18,2) -> 809.15 | V112: =ROUND(M112-U112,2) -> 0 | W112: =IF(ABS(V112)>0.011,"CHECK","OK") -> OK
A113: 5563GS | B113: 06/03/2026 | C113: SAI | D113: 82 | E113: SAI-663 | F113: SHINE DX GARNISH MODEL V BLACK | G113: 87141090 | H113: 1050 | I113: 3 | J113: PC | K113: 0.38 | L113: 651 | M113: 1655.08 | N113: 0.09 | O113: 148.96 | P113: 0.09 | Q113: 148.96 | R113: =M113+O113+P113 -> 1804.13 | S113: =H113*I113 -> 3150 | T113: =IF(K113="","",ROUND(H113*(1-K113),2)) -> 651 | U113: =ROUND(L113*I113/1.18,2) -> 1655.08 | V113: =ROUND(M113-U113,2) -> 0 | W113: =IF(ABS(V113)>0.011,"CHECK","OK") -> OK
A114: 5563GS | B114: 06/03/2026 | C114: SAI | D114: 83 | E114: SAI-68 | F114: FF CD DLX/SPLD NXG BLACK | G114: 87141090 | H114: 425 | I114: 4 | J114: PC | K114: 0.38 | L114: 263.5 | M114: 893.22 | N114: 0.09 | O114: 80.39 | P114: 0.09 | Q114: 80.39 | R114: =M114+O114+P114 -> 973.7 | S114: =H114*I114 -> 1700 | T114: =IF(K114="","",ROUND(H114*(1-K114),2)) -> 263.5 | U114: =ROUND(L114*I114/1.18,2) -> 893.22 | V114: =ROUND(M114-U114,2) -> 0 | W114: =IF(ABS(V114)>0.011,"CHECK","OK") -> OK
A115: 5563GS | B115: 06/03/2026 | C115: SAI | D115: 84 | E115: SAI-71 | F115: FF PULSAR DTSI BLACK | G115: 87141090 | H115: 445 | I115: 2 | J115: PC | K115: 0.38 | L115: 275.9 | M115: 467.63 | N115: 0.09 | O115: 42.08 | P115: 0.09 | Q115: 42.08 | R115: =M115+O115+P115 -> 509.8 | S115: =H115*I115 -> 890 | T115: =IF(K115="","",ROUND(H115*(1-K115),2)) -> 275.9 | U115: =ROUND(L115*I115/1.18,2) -> 467.63 | V115: =ROUND(M115-U115,2) -> 0 | W115: =IF(ABS(V115)>0.011,"CHECK","OK") -> OK
A116: 5563GS | B116: 06/03/2026 | C116: SAI | D116: 85 | E116: SAI-715 | F116: Head Light Visor Fit For Activa 6G P | G116: 87141090 | H116: 520 | I116: 5 | K116: 0.38 | L116: 322.4 | M116: 1366.1 | N116: 0.09 | O116: 122.95 | P116: 0.09 | Q116: 122.95 | R116: =M116+O116+P116 -> 1489.14 | S116: =H116*I116 -> 2600 | T116: =IF(K116="","",ROUND(H116*(1-K116),2)) -> 322.4 | U116: =ROUND(L116*I116/1.18,2) -> 1366.1 | V116: =ROUND(M116-U116,2) -> 0 | W116: =IF(ABS(V116)>0.011,"CHECK","OK") -> OK
A117: 5563GS | B117: 06/03/2026 | C117: SAI | D117: 86 | E117: SAI-715B | F117: Head Light Visor Fit For Activa 6G P | G117: 87141090 | H117: 520 | I117: 5 | K117: 0.38 | L117: 322.4 | M117: 1366.1 | N117: 0.09 | O117: 122.95 | P117: 0.09 | Q117: 122.95 | R117: =M117+O117+P117 -> 1489.14 | S117: =H117*I117 -> 2600 | T117: =IF(K117="","",ROUND(H117*(1-K117),2)) -> 322.4 | U117: =ROUND(L117*I117/1.18,2) -> 1366.1 | V117: =ROUND(M117-U117,2) -> 0 | W117: =IF(ABS(V117)>0.011,"CHECK","OK") -> OK
A118: 5563GS | B118: 06/03/2026 | C118: SAI | D118: 87 | E118: SAI-769 | F118: SHINE BS6 V 2020 BLACK | G118: 87141090 | H118: 1080 | I118: 3 | J118: PC | K118: 0.38 | L118: 669.6 | M118: 1702.37 | N118: 0.09 | O118: 153.21 | P118: 0.09 | Q118: 153.21 | R118: =M118+O118+P118 -> 1855.67 | S118: =H118*I118 -> 3240 | T118: =IF(K118="","",ROUND(H118*(1-K118),2)) -> 669.6 | U118: =ROUND(L118*I118/1.18,2) -> 1702.37 | V118: =ROUND(M118-U118,2) -> 0 | W118: =IF(ABS(V118)>0.011,"CHECK","OK") -> OK
A119: 5563GS | B119: 06/03/2026 | C119: SAI | D119: 88 | E119: SAI-783 | F119: SHINE BS6 RC SET BLACK | G119: 87141090 | H119: 995 | I119: 2 | J119: SET | K119: 0.38 | L119: 616.9 | M119: 1045.59 | N119: 0.09 | O119: 94.1 | P119: 0.09 | Q119: 94.1 | R119: =M119+O119+P119 -> 1139.78 | S119: =H119*I119 -> 1990 | T119: =IF(K119="","",ROUND(H119*(1-K119),2)) -> 616.9 | U119: =ROUND(L119*I119/1.18,2) -> 1045.59 | V119: =ROUND(M119-U119,2) -> 0 | W119: =IF(ABS(V119)>0.011,"CHECK","OK") -> OK
A120: 5563GS | B120: 06/03/2026 | C120: SAI | D120: 89 | E120: SAI-81A | F120: HLV SPLENDER+ N/M BLACK LATEST(BLUE) | G120: 87141090 | H120: 340 | I120: 5 | J120: SET | K120: 0.38 | L120: 210.8 | M120: 893.22 | N120: 0.09 | O120: 80.39 | P120: 0.09 | Q120: 80.39 | R120: =M120+O120+P120 -> 973.7 | S120: =H120*I120 -> 1700 | T120: =IF(K120="","",ROUND(H120*(1-K120),2)) -> 210.8 | U120: =ROUND(L120*I120/1.18,2) -> 893.22 | V120: =ROUND(M120-U120,2) -> 0 | W120: =IF(ABS(V120)>0.011,"CHECK","OK") -> OK
A121: 5563GS | B121: 06/03/2026 | C121: SAI | D121: 90 | E121: SAI-81B | F121: SPLENDOR PLUS N/M BLACK/SILVER VISOR | G121: 87141090 | H121: 340 | I121: 5 | J121: PC | K121: 0.38 | L121: 210.8 | M121: 893.22 | N121: 0.09 | O121: 80.39 | P121: 0.09 | Q121: 80.39 | R121: =M121+O121+P121 -> 973.7 | S121: =H121*I121 -> 1700 | T121: =IF(K121="","",ROUND(H121*(1-K121),2)) -> 210.8 | U121: =ROUND(L121*I121/1.18,2) -> 893.22 | V121: =ROUND(M121-U121,2) -> 0 | W121: =IF(ABS(V121)>0.011,"CHECK","OK") -> OK
A122: 5563GS | B122: 06/03/2026 | C122: SAI | D122: 91 | E122: SAI-85 | F122: HLV PASSION+ BLACK(BLUE STICKER) | G122: 87141090 | H122: 445 | I122: 4 | J122: PC | K122: 0.38 | L122: 275.9 | M122: 935.25 | N122: 0.09 | O122: 84.17 | P122: 0.09 | Q122: 84.17 | R122: =M122+O122+P122 -> 1019.51 | S122: =H122*I122 -> 1780 | T122: =IF(K122="","",ROUND(H122*(1-K122),2)) -> 275.9 | U122: =ROUND(L122*I122/1.18,2) -> 935.25 | V122: =ROUND(M122-U122,2) -> 0 | W122: =IF(ABS(V122)>0.011,"CHECK","OK") -> OK
A123: 5563GS | B123: 06/03/2026 | C123: SAI | D123: 92 | E123: SAI-85A | F123: HLV PASSION+ BLACK(RED STICKER) | G123: 87141090 | H123: 445 | I123: 4 | J123: PC | K123: 0.38 | L123: 275.9 | M123: 935.25 | N123: 0.09 | O123: 84.17 | P123: 0.09 | Q123: 84.17 | R123: =M123+O123+P123 -> 1019.51 | S123: =H123*I123 -> 1780 | T123: =IF(K123="","",ROUND(H123*(1-K123),2)) -> 275.9 | U123: =ROUND(L123*I123/1.18,2) -> 935.25 | V123: =ROUND(M123-U123,2) -> 0 | W123: =IF(ABS(V123)>0.011,"CHECK","OK") -> OK
A124: 5563GS | B124: 06/03/2026 | C124: SAI | D124: 93 | E124: SAI-86 | F124: HLV PASSION+ N/M BLACK (BLUE STICKER) | G124: 87141090 | H124: 435 | I124: 4 | J124: PC | K124: 0.38 | L124: 269.7 | M124: 914.24 | N124: 0.09 | O124: 82.28 | P124: 0.09 | Q124: 82.28 | R124: =M124+O124+P124 -> 996.61 | S124: =H124*I124 -> 1740 | T124: =IF(K124="","",ROUND(H124*(1-K124),2)) -> 269.7 | U124: =ROUND(L124*I124/1.18,2) -> 914.24 | V124: =ROUND(M124-U124,2) -> 0 | W124: =IF(ABS(V124)>0.011,"CHECK","OK") -> OK
A125: 5563GS | B125: 06/03/2026 | C125: SAI | D125: 94 | E125: SAI-86A | F125: PASSION PLUS N/M BLACK RED VISOR | G125: 87141090 | H125: 435 | I125: 4 | J125: PC | K125: 0.38 | L125: 269.7 | M125: 914.24 | N125: 0.09 | O125: 82.28 | P125: 0.09 | Q125: 82.28 | R125: =M125+O125+P125 -> 996.61 | S125: =H125*I125 -> 1740 | T125: =IF(K125="","",ROUND(H125*(1-K125),2)) -> 269.7 | U125: =ROUND(L125*I125/1.18,2) -> 914.24 | V125: =ROUND(M125-U125,2) -> 0 | W125: =IF(ABS(V125)>0.011,"CHECK","OK") -> OK
A126: 5559GS | B126: 06/03/2026 | C126: SLD | D126: 1 | E126: SDA-SM-01 | F126: STARTER MOTOR 3G | G126: 85114000 | H126: 1141 | I126: 2 | J126: PC | K126: 0.35 | L126: 741.65 | M126: 1257.03 | N126: 0.09 | O126: 113.13 | P126: 0.09 | Q126: 113.13 | R126: =M126+O126+P126 -> 1370.25 | S126: =H126*I126 -> 2282 | T126: =IF(K126="","",ROUND(H126*(1-K126),2)) -> 741.65 | U126: =ROUND(L126*I126/1.18,2) -> 1257.03 | V126: =ROUND(M126-U126,2) -> 0 | W126: =IF(ABS(V126)>0.011,"CHECK","OK") -> OK
A127: 5559GS | B127: 06/03/2026 | C127: SLD | D127: 2 | E127: SDASM-01 | F127: STARTER MOTOR PUL 150/160 | G127: 85114000 | H127: 1097 | I127: 2 | J127: PC | K127: 0.35 | L127: 713.05 | M127: 1208.56 | N127: 0.09 | O127: 108.77 | P127: 0.09 | Q127: 108.77 | R127: =M127+O127+P127 -> 1317.42 | S127: =H127*I127 -> 2194 | T127: =IF(K127="","",ROUND(H127*(1-K127),2)) -> 713.05 | U127: =ROUND(L127*I127/1.18,2) -> 1208.56 | V127: =ROUND(M127-U127,2) -> 0 | W127: =IF(ABS(V127)>0.011,"CHECK","OK") -> OK
A128: 5559GS | B128: 06/03/2026 | C128: BODIX | D128: 3 | E128: 25141 | F128: FORK CUPS STAR CITY | G128: 84822090 | H128: 339 | I128: 2 | J128: SET | K128: 0.45 | L128: 186.45 | M128: 316.02 | N128: 0.09 | O128: 28.44 | P128: 0.09 | Q128: 28.44 | R128: =M128+O128+P128 -> 344.55 | S128: =H128*I128 -> 678 | T128: =IF(K128="","",ROUND(H128*(1-K128),2)) -> 186.45 | U128: =ROUND(L128*I128/1.18,2) -> 316.02 | V128: =ROUND(M128-U128,2) -> 0 | W128: =IF(ABS(V128)>0.011,"CHECK","OK") -> OK
A129: 5559GS | B129: 06/03/2026 | C129: HTA | D129: 4 | E129: HTA-21 | F129: KIT TVS-XL SUPER | G129: 40169330 | H129: 102 | I129: 5 | J129: SET | K129: 0.35 | L129: 66.3 | M129: 280.93 | N129: 0.09 | O129: 25.28 | P129: 0.09 | Q129: 25.28 | R129: =M129+O129+P129 -> 306.3 | S129: =H129*I129 -> 510 | T129: =IF(K129="","",ROUND(H129*(1-K129),2)) -> 66.3 | U129: =ROUND(L129*I129/1.18,2) -> 280.93 | V129: =ROUND(M129-U129,2) -> 0 | W129: =IF(ABS(V129)>0.011,"CHECK","OK") -> OK
... A158: 5559GS | B158: 06/03/2026 | C158: NV | D158: 33 | E158: GAF056 | F158: UNIVERSAL PLUG CAP RED | G158: 40169330 | H158: 26 | I158: 10 | J158: PC | K158: 0.43 | L158: 14.82 | M158: 125.59 | N158: 0.09 | O158: 11.3 | P158: 0.09 | Q158: 11.3 | R158: =M158+O158+P158 -> 136.98 | S158: =H158*I158 -> 260 | T158: =IF(K158="","",ROUND(H158*(1-K158),2)) -> 14.82 | U158: =ROUND(L158*I158/1.18,2) -> 125.59 | V158: =ROUND(M158-U158,2) -> 0 | W158: =IF(ABS(V158)>0.011,"CHECK","OK") -> OK
A159: 5559GS | B159: 06/03/2026 | C159: NV | D159: 34 | E159: NAJ010 | F159: BRAKE ROD NUT HH | G159: 40169330 | H159: 11 | I159: 25 | K159: 0.43 | L159: 6.27 | M159: 132.84 | N159: 0.09 | O159: 11.95 | P159: 0.09 | Q159: 11.95 | R159: =M159+O159+P159 -> 144.88 | S159: =H159*I159 -> 275 | T159: =IF(K159="","",ROUND(H159*(1-K159),2)) -> 6.27 | U159: =ROUND(L159*I159/1.18,2) -> 132.84 | V159: =ROUND(M159-U159,2) -> 0 | W159: =IF(ABS(V159)>0.011,"CHECK","OK") -> OK
A160: 5559GS | B160: 06/03/2026 | C160: NV | D160: 35 | E160: NAJ036 | F160: HH STAND PIN | G160: 40169330 | H160: 70 | I160: 5 | K160: 0.43 | L160: 39.9 | M160: 169.07 | N160: 0.09 | O160: 15.21 | P160: 0.09 | Q160: 15.21 | R160: =M160+O160+P160 -> 184.37 | S160: =H160*I160 -> 350 | T160: =IF(K160="","",ROUND(H160*(1-K160),2)) -> 39.9 | U160: =ROUND(L160*I160/1.18,2) -> 169.07 | V160: =ROUND(M160-U160,2) -> 0 | W160: =IF(ABS(V160)>0.011,"CHECK","OK") -> OK
A161: 5559GS | B161: 06/03/2026 | C161: NV | D161: 36 | E161: NAJ037 | F161: HH CHAIN ADJUSTER | G161: 40169330 | H161: 42 | I161: 10 | J161: PC | K161: 0.43 | L161: 23.94 | M161: 202.88 | N161: 0.09 | O161: 18.26 | P161: 0.09 | Q161: 18.26 | R161: =M161+O161+P161 -> 221.23 | S161: =H161*I161 -> 420 | T161: =IF(K161="","",ROUND(H161*(1-K161),2)) -> 23.94 | U161: =ROUND(L161*I161/1.18,2) -> 202.88 | V161: =ROUND(M161-U161,2) -> 0 | W161: =IF(ABS(V161)>0.011,"CHECK","OK") -> OK
A162: 5559GS | B162: 06/03/2026 | C162: NV | D162: 37 | E162: NAJ058 | F162: GEAR LEVER HH SPLENDOR | G162: 40169330 | H162: 166 | I162: 2 | K162: 0.43 | L162: 94.62 | M162: 160.37 | N162: 0.09 | O162: 14.43 | P162: 0.09 | Q162: 14.43 | R162: =M162+O162+P162 -> 174.89 | S162: =H162*I162 -> 332 | T162: =IF(K162="","",ROUND(H162*(1-K162),2)) -> 94.62 | U162: =ROUND(L162*I162/1.18,2) -> 160.37 | V162: =ROUND(M162-U162,2) -> 0 | W162: =IF(ABS(V162)>0.011,"CHECK","OK") -> OK
A163: 5559GS | B163: 06/03/2026 | C163: NV | D163: 38 | E163: NAJ165 | F163: HH SILNCER GASKET | G163: 40169330 | H163: 9 | I163: 25 | K163: 0.43 | L163: 5.13 | M163: 108.69 | N163: 0.09 | O163: 9.78 | P163: 0.09 | Q163: 9.78 | R163: =M163+O163+P163 -> 118.56 | S163: =H163*I163 -> 225 | T163: =IF(K163="","",ROUND(H163*(1-K163),2)) -> 5.13 | U163: =ROUND(L163*I163/1.18,2) -> 108.69 | V163: =ROUND(M163-U163,2) -> 0 | W163: =IF(ABS(V163)>0.011,"CHECK","OK") -> OK
A164: 5559GS | B164: 06/03/2026 | C164: NV | D164: 39 | E164: NAJ165 | F164: HH SILNCER GASKET | G164: 40169330 | H164: 9 | I164: 50 | K164: 0.43 | L164: 5.13 | M164: 217.37 | N164: 0.09 | O164: 19.56 | P164: 0.09 | Q164: 19.56 | R164: =M164+O164+P164 -> 237.02 | S164: =H164*I164 -> 450 | T164: =IF(K164="","",ROUND(H164*(1-K164),2)) -> 5.13 | U164: =ROUND(L164*I164/1.18,2) -> 217.37 | V164: =ROUND(M164-U164,2) -> 0 | W164: =IF(ABS(V164)>0.011,"CHECK","OK") -> OK
A165: 5559GS | B165: 06/03/2026 | C165: NV | D165: 40 | E165: NAJ198 | F165: SPEEDOMETER RUBBER HH | G165: 40169330 | H165: 3 | I165: 100 | K165: 0.43 | L165: 1.71 | M165: 144.92 | N165: 0.09 | O165: 13.04 | P165: 0.09 | Q165: 13.04 | R165: =M165+O165+P165 -> 158.05 | S165: =H165*I165 -> 300 | T165: =IF(K165="","",ROUND(H165*(1-K165),2)) -> 1.71 | U165: =ROUND(L165*I165/1.18,2) -> 144.92 | V165: =ROUND(M165-U165,2) -> 0 | W165: =IF(ABS(V165)>0.011,"CHECK","OK") -> OK
A166: 5559GS | B166: 06/03/2026 | C166: NV | D166: 41 | E166: NAJ250 | F166: CHAIN COVER CAP HH/SPLENDOR | G166: 40169330 | H166: 7 | I166: 50 | K166: 0.43 | L166: 3.99 | M166: 169.07 | N166: 0.09 | O166: 15.21 | P166: 0.09 | Q166: 15.21 | R166: =M166+O166+P166 -> 184.37 | S166: =H166*I166 -> 350 | T166: =IF(K166="","",ROUND(H166*(1-K166),2)) -> 3.99 | U166: =ROUND(L166*I166/1.18,2) -> 169.07 | V166: =ROUND(M166-U166,2) -> 0 | W166: =IF(ABS(V166)>0.011,"CHECK","OK") -> OK
A167: 5559GS | B167: 06/03/2026 | C167: NV | D167: 42 | E167: NAJ314 | F167: FRONT FOOTREST RUBBER HH | G167: 40169330 | H167: 70 | I167: 5 | K167: 0.43 | L167: 39.9 | M167: 169.07 | N167: 0.09 | O167: 15.21 | P167: 0.09 | Q167: 15.21 | R167: =M167+O167+P167 -> 184.37 | S167: =H167*I167 -> 350 | T167: =IF(K167="","",ROUND(H167*(1-K167),2)) -> 39.9 | U167: =ROUND(L167*I167/1.18,2) -> 169.07 | V167: =ROUND(M167-U167,2) -> 0 | W167: =IF(ABS(V167)>0.011,"CHECK","OK") -> OK
A168: 5559GS | B168: 06/03/2026 | C168: NV | D168: 43 | E168: NAJ435 | F168: BOLT SEAT HERO HONDA SMALL | G168: 40169330 | H168: 9 | I168: 25 | K168: 0.43 | L168: 5.13 | M168: 108.69 | N168: 0.09 | O168: 9.78 | P168: 0.09 | Q168: 9.78 | R168: =M168+O168+P168 -> 118.56 | S168: =H168*I168 -> 225 | T168: =IF(K168="","",ROUND(H168*(1-K168),2)) -> 5.13 | U168: =ROUND(L168*I168/1.18,2) -> 108.69 | V168: =ROUND(M168-U168,2) -> 0 | W168: =IF(ABS(V168)>0.011,"CHECK","OK") -> OK
A169: 5559GS | B169: 06/03/2026 | C169: NV | D169: 44 | E169: NAJ543 | F169: FUSE CASE ASSY HH SPLENDOR/PASSION | G169: 40169330 | H169: 53 | I169: 10 | J169: SET | K169: 0.43 | L169: 30.21 | M169: 256.02 | N169: 0.09 | O169: 23.04 | P169: 0.09 | Q169: 23.04 | R169: =M169+O169+P169 -> 279.15 | S169: =H169*I169 -> 530 | T169: =IF(K169="","",ROUND(H169*(1-K169),2)) -> 30.21 | U169: =ROUND(L169*I169/1.18,2) -> 256.02 | V169: =ROUND(M169-U169,2) -> 0 | W169: =IF(ABS(V169)>0.011,"CHECK","OK") -> OK
A170: 5559GS | B170: 06/03/2026 | C170: NV | D170: 45 | E170: NAJ643 | F170: HEAD LIGHT VIZOR CLIP PASSION | G170: 40169330 | H170: 5 | I170: 75 | J170: PC | K170: 0.43 | L170: 2.85 | M170: 181.14 | N170: 0.09 | O170: 16.3 | P170: 0.09 | Q170: 16.3 | R170: =M170+O170+P170 -> 197.53 | S170: =H170*I170 -> 375 | T170: =IF(K170="","",ROUND(H170*(1-K170),2)) -> 2.85 | U170: =ROUND(L170*I170/1.18,2) -> 181.14 | V170: =ROUND(M170-U170,2) -> 0 | W170: =IF(ABS(V170)>0.011,"CHECK","OK") -> OK
A171: 5559GS | B171: 06/03/2026 | C171: NV | D171: 46 | E171: NAJ650 | F171: PLUG ADAPTER HH | G171: 40169330 | H171: 26 | I171: 10 | K171: 0.43 | L171: 14.82 | M171: 125.59 | N171: 0.09 | O171: 11.3 | P171: 0.09 | Q171: 11.3 | R171: =M171+O171+P171 -> 136.98 | S171: =H171*I171 -> 260 | T171: =IF(K171="","",ROUND(H171*(1-K171),2)) -> 14.82 | U171: =ROUND(L171*I171/1.18,2) -> 125.59 | V171: =ROUND(M171-U171,2) -> 0 | W171: =IF(ABS(V171)>0.011,"CHECK","OK") -> OK
A172: 5559GS | B172: 06/03/2026 | C172: NV | D172: 47 | E172: NAJ653 | F172: FORK BOOT DUST CAP DAWM | G172: 40169330 | H172: 47 | I172: 10 | K172: 0.43 | L172: 26.79 | M172: 227.03 | N172: 0.09 | O172: 20.43 | P172: 0.09 | Q172: 20.43 | R172: =M172+O172+P172 -> 247.55 | S172: =H172*I172 -> 470 | T172: =IF(K172="","",ROUND(H172*(1-K172),2)) -> 26.79 | U172: =ROUND(L172*I172/1.18,2) -> 227.03 | V172: =ROUND(M172-U172,2) -> 0 | W172: =IF(ABS(V172)>0.011,"CHECK","OK") -> OK
A173: 5559GS | B173: 06/03/2026 | C173: NV | D173: 48 | E173: NAJ702 | F173: FORK MAIN TUBE ORING SS | G173: 40169330 | H173: 5 | I173: 100 | K173: 0.43 | L173: 2.85 | M173: 241.53 | N173: 0.09 | O173: 21.73 | P173: 0.09 | Q173: 21.73 | R173: =M173+O173+P173 -> 263.35 | S173: =H173*I173 -> 500 | T173: =IF(K173="","",ROUND(H173*(1-K173),2)) -> 2.85 | U173: =ROUND(L173*I173/1.18,2) -> 241.53 | V173: =ROUND(M173-U173,2) -> 0 | W173: =IF(ABS(V173)>0.011,"CHECK","OK") -> OK
A174: 5559GS | B174: 06/03/2026 | C174: NV | D174: 49 | E174: NAJ754 | F174: TOOL BOX LOCK SPLENDERNDOR/Y2K BLACK | G174: 40169330 | H174: 27 | I174: 10 | K174: 0.43 | L174: 15.39 | M174: 130.42 | N174: 0.09 | O174: 11.74 | P174: 0.09 | Q174: 11.74 | R174: =M174+O174+P174 -> 142.25 | S174: =H174*I174 -> 270 | T174: =IF(K174="","",ROUND(H174*(1-K174),2)) -> 15.39 | U174: =ROUND(L174*I174/1.18,2) -> 130.42 | V174: =ROUND(M174-U174,2) -> 0 | W174: =IF(ABS(V174)>0.011,"CHECK","OK") -> OK
A175: 5559GS | B175: 06/03/2026 | C175: NV | D175: 50 | E175: NAR126 | F175: PLUG CAP PULSAR DTSI | G175: 40169330 | H175: 44 | I175: 10 | J175: PC | K175: 0.43 | L175: 25.08 | M175: 212.54 | N175: 0.09 | O175: 19.13 | P175: 0.09 | Q175: 19.13 | R175: =M175+O175+P175 -> 231.76 | S175: =H175*I175 -> 440 | T175: =IF(K175="","",ROUND(H175*(1-K175),2)) -> 25.08 | U175: =ROUND(L175*I175/1.18,2) -> 212.54 | V175: =ROUND(M175-U175,2) -> 0 | W175: =IF(ABS(V175)>0.011,"CHECK","OK") -> OK
A176: 5559GS | B176: 06/03/2026 | C176: NV | D176: 51 | E176: NAV100 | F176: FRONT FOOTREST RUBBER TVS STAR | G176: 40169330 | H176: 65 | I176: 5 | K176: 0.43 | L176: 37.05 | M176: 156.99 | N176: 0.09 | O176: 14.13 | P176: 0.09 | Q176: 14.13 | R176: =M176+O176+P176 -> 171.21 | S176: =H176*I176 -> 325 | T176: =IF(K176="","",ROUND(H176*(1-K176),2)) -> 37.05 | U176: =ROUND(L176*I176/1.18,2) -> 156.99 | V176: =ROUND(M176-U176,2) -> 0 | W176: =IF(ABS(V176)>0.011,"CHECK","OK") -> OK
A177: 5559GS | B177: 06/03/2026 | C177: NV | D177: 52 | E177: NJA005 | F177: PETROL PIPE PASSIN PRO | G177: 40169330 | H177: 14 | I177: 20 | J177: PC | K177: 0.43 | L177: 7.98 | M177: 135.25 | N177: 0.09 | O177: 12.17 | P177: 0.09 | Q177: 12.17 | R177: =M177+O177+P177 -> 147.51 | S177: =H177*I177 -> 280 | T177: =IF(K177="","",ROUND(H177*(1-K177),2)) -> 7.98 | U177: =ROUND(L177*I177/1.18,2) -> 135.25 | V177: =ROUND(M177-U177,2) -> 0 | W177: =IF(ABS(V177)>0.011,"CHECK","OK") -> OK
A178: 5559GS | B178: 06/03/2026 | C178: NV | D178: 53 | E178: NJA107 | F178: YOKE COVER SPLENDOR | G178: 40169330 | H178: 17.02 | I178: 10 | J178: SET | K178: 0.43 | L178: 9.7 | M178: 82.21 | N178: 0.09 | O178: 7.4 | P178: 0.09 | Q178: 7.4 | R178: =M178+O178+P178 -> 89.7 | S178: =H178*I178 -> 170.2 | T178: =IF(K178="","",ROUND(H178*(1-K178),2)) -> 9.7 | U178: =ROUND(L178*I178/1.18,2) -> 82.2 | V178: =ROUND(M178-U178,2) -> 0.01 | W178: =IF(ABS(V178)>0.011,"CHECK","OK") -> OK
A179: 5559GS | B179: 06/03/2026 | C179: VARROC | D179: 54 | E179: 10KTP | F179: STARTER MOTOR PLESURE | G179: 85459090 | H179: 1329 | I179: 2 | J179: PC | K179: 0.28 | L179: 956.88 | M179: 1621.83 | N179: 0.09 | O179: 145.96 | P179: 0.09 | Q179: 145.96 | R179: =M179+O179+P179 -> 1767.88 | S179: =H179*I179 -> 2658 | T179: =IF(K179="","",ROUND(H179*(1-K179),2)) -> 956.88 | U179: =ROUND(L179*I179/1.18,2) -> 1621.83 | V179: =ROUND(M179-U179,2) -> 0 | W179: =IF(ABS(V179)>0.011,"CHECK","OK") -> OK
...

Sheet Invoice Summary
A1: Invoice Summary — Kumar Auto Stores
A3: Supplier | B3: KUMAR AUTO STORES, D.No.4-18/1 Garagaparru Road, Bhimavaram-534202
A4: Supplier GSTIN | B4: 37AITPG4383P1ZB
A5: Buyer | B5: SRI SRI SATYA SAI AUTMOBILE AGENC, 2-12-27/1 Railway Station Road, Tadepalligudem-534101
A6: Buyer GSTIN | B6: 37CUJPG4763K1Z5
A7: Invoice Date (all 3) | B7: 06/03/2026 (DD/MM/YYYY = 6 March 2026)
A8: Source | B8: Adobe_Scan_30_Aug_2026.pdf — 10 scanned pages
A10: Invoice No | B10: Lines | C10: Total Qty | D10: Taxable Amount (computed) | E10: Taxable (printed) | F10: CGST (printed) | G10: SGST (printed) | H10: Rounding Off | I10: Net Amount (computed) | J10: Net Amount (printed) | K10: Variance
A11: 5561GS | B11: =COUNTIFS('Line Items'!$A$2:$A$226,$A11) -> 30 | C11: =SUMIFS('Line Items'!$I$2:$I$226,'Line Items'!$A$2:$A$226,$A11) -> 130 | D11: =ROUND(SUMIFS('Line Items'!$M$2:$M$226,'Line Items'!$A$2:$A$226,$A11),2) -> 28641.68 | E11: 28641.68 | F11: 2577.75 | G11: 2577.75 | H11: -0.18 | I11: =ROUND(E11+F11+G11+H11,2) -> 33797 | J11: 33797 | K11: =ROUND(D11-E11,2) -> 0
A12: 5563GS | B12: =COUNTIFS('Line Items'!$A$2:$A$226,$A12) -> 94 | C12: =SUMIFS('Line Items'!$I$2:$I$226,'Line Items'!$A$2:$A$226,$A12) -> 282 | D12: =ROUND(SUMIFS('Line Items'!$M$2:$M$226,'Line Items'!$A$2:$A$226,$A12),2) -> 88074.15 | E12: 88074.15 | F12: 7926.67 | G12: 7926.67 | H12: -0.49 | I12: =ROUND(E12+F12+G12+H12,2) -> 103927 | J12: 103927 | K12: =ROUND(D12-E12,2) -> 0
A13: 5559GS | B13: =COUNTIFS('Line Items'!$A$2:$A$226,$A13) -> 101 | C13: =SUMIFS('Line Items'!$I$2:$I$226,'Line Items'!$A$2:$A$226,$A13) -> 1379 | D13: =ROUND(SUMIFS('Line Items'!$M$2:$M$226,'Line Items'!$A$2:$A$226,$A13),2) -> 67789.41 | E13: 67789.41 | F13: 6101.05 | G13: 6101.05 | H13: 0.49 | I13: =ROUND(E13+F13+G13+H13,2) -> 79992 | J13: 79992 | K13: =ROUND(D13-E13,2) -> 0
A14: TOTAL | B14: =SUM(B11:B13) -> 225 | C14: =SUM(C11:C13) -> 1791 | D14: =SUM(D11:D13) -> 184505.24 | E14: =SUM(E11:E13) -> 184505.24 | F14: =SUM(F11:F13) -> 16605.47 | G14: =SUM(G11:G13) -> 16605.47 | H14: =SUM(H11:H13) -> -0.18 | I14: =SUM(I11:I13) -> 217716 | ... K14: =SUM(K11:K13) -> 0

Sheet Brand Summary
A1: Brand / Group Totals — reconciled to printed invoice subtotals
A3: Invoice No | B3: Brand / Group | C3: Lines | D3: Qty | E3: Gross (MRP Value) computed | F3: Gross printed on invoice | G3: Net (Taxable) computed | H3: Net printed on invoice | I3: Gross Var | J3: Net Var | K3: Reconciles?
A4: 5561GS | B4: GEANARAL | C4: =COUNTIFS('Line Items'!$A$2:$A$226,$A4,'Line Items'!$C$2:$C$226,$B4) -> 1 | D4: =SUMIFS('Line Items'!$I$2:$I$226,'Line Items'!$A$2:$A$226,$A4,'Line Items'!$C$2:$C$226,$B4) -> 40 | E4: =ROUND(SUMIFS('Line Items'!$S$2:$S$226,'Line Items'!$A$2:$A$226,$A4,'Line Items'!$C$2:$C$226,$B4),2) -> 1800 | F4: 1800 | G4: =ROUND(SUMIFS('Line Items'!$M$2:$M$226,'Line Items'!$A$2:$A$226,$A4,'Line Items'!$C$2:$C$226,$B4),2) -> 1525.42 | H4: 1525.42 | I4: =ROUND(E4-F4,2) -> 0 | J4: =ROUND(G4-H4,2) -> 0 | K4: =IF(AND(ABS(I4)<0.02,ABS(J4)<0.02),"YES","CHECK") -> YES
A5: 5561GS | B5: NV | C5: =COUNTIFS('Line Items'!$A$2:$A$226,$A5,'Line Items'!$C$2:$C$226,$B5) -> 2 | D5: =SUMIFS('Line Items'!$I$2:$I$226,'Line Items'!$A$2:$A$226,$A5,'Line Items'!$C$2:$C$226,$B5) -> 10 | E5: =ROUND(SUMIFS('Line Items'!$S$2:$S$226,'Line Items'!$A$2:$A$226,$A5,'Line Items'!$C$2:$C$226,$B5),2) -> 870 | F5: 870 | G5: =ROUND(SUMIFS('Line Items'!$M$2:$M$226,'Line Items'!$A$2:$A$226,$A5,'Line Items'!$C$2:$C$226,$B5),2) -> 420.25 | H5: 420.25 | I5: =ROUND(E5-F5,2) -> 0 | J5: =ROUND(G5-H5,2) -> 0 | K5: =IF(AND(ABS(I5)<0.02,ABS(J5)<0.02),"YES","CHECK") -> YES
A6: 5561GS | B6: FCC | C6: =COUNTIFS('Line Items'!$A$2:$A$226,$A6,'Line Items'!$C$2:$C$226,$B6) -> 6 | D6: =SUMIFS('Line Items'!$I$2:$I$226,'Line Items'!$A$2:$A$226,$A6,'Line Items'!$C$2:$C$226,$B6) -> 13 | E6: =ROUND(SUMIFS('Line Items'!$S$2:$S$226,'Line Items'!$A$2:$A$226,$A6,'Line Items'!$C$2:$C$226,$B6),2) -> 16433 | F6: 16433 | G6: =ROUND(SUMIFS('Line Items'!$M$2:$M$226,'Line Items'!$A$2:$A$226,$A6,'Line Items'!$C$2:$C$226,$B6),2) -> 9469.87 | H6: 9469.87 | I6: =ROUND(E6-F6,2) -> 0 | J6: =ROUND(G6-H6,2) -> 0 | K6: =IF(AND(ABS(I6)<0.02,ABS(J6)<0.02),"YES","CHECK") -> YES
A7: 5561GS | B7: LUMAX IND | C7: =COUNTIFS('Line Items'!$A$2:$A$226,$A7,'Line Items'!$C$2:$C$226,$B7) -> 20 | D7: =SUMIFS('Line Items'!$I$2:$I$226,'Line Items'!$A$2:$A$226,$A7,'Line Items'!$C$2:$C$226,$B7) -> 57 | E7: =ROUND(SUMIFS('Line Items'!$S$2:$S$226,'Line Items'!$A$2:$A$226,$A7,'Line Items'!$C$2:$C$226,$B7),2) -> 28618 | F7: 28618 | G7: =ROUND(SUMIFS('Line Items'!$M$2:$M$226,'Line Items'!$A$2:$A$226,$A7,'Line Items'!$C$2:$C$226,$B7),2) -> 16395.63 | H7: 16395.63 | I7: =ROUND(E7-F7,2) -> 0 | J7: =ROUND(G7-H7,2) -> 0 | K7: =IF(AND(ABS(I7)<0.02,ABS(J7)<0.02),"YES","CHECK") -> YES
A8: 5561GS | B8: GABRIEL OIL | C8: =COUNTIFS('Line Items'!$A$2:$A$226,$A8,'Line Items'!$C$2:$C$226,$B8) -> 1 | D8: =SUMIFS('Line Items'!$I$2:$I$226,'Line Items'!$A$2:$A$226,$A8,'Line Items'!$C$2:$C$226,$B8) -> 10 | E8: =ROUND(SUMIFS('Line Items'!$S$2:$S$226,'Line Items'!$A$2:$A$226,$A8,'Line Items'!$C$2:$C$226,$B8),2) -> 980 | F8: 980 | G8: =ROUND(SUMIFS('Line Items'!$M$2:$M$226,'Line Items'!$A$2:$A$226,$A8,'Line Items'!$C$2:$C$226,$B8),2) -> 830.51 | H8: 830.51 | I8: =ROUND(E8-F8,2) -> 0 | J8: =ROUND(G8-H8,2) -> 0 | K8: =IF(AND(ABS(I8)<0.02,ABS(J8)<0.02),"YES","CHECK") -> YES
A9: 5563GS | B9: SAI | C9: =COUNTIFS('Line Items'!$A$2:$A$226,$A9,'Line Items'!$C$2:$C$226,$B9) -> 94 | D9: =SUMIFS('Line Items'!$I$2:$I$226,'Line Items'!$A$2:$A$226,$A9,'Line Items'!$C$2:$C$226,$B9) -> 282 | E9: =ROUND(SUMIFS('Line Items'!$S$2:$S$226,'Line Items'!$A$2:$A$226,$A9,'Line Items'!$C$2:$C$226,$B9),2) -> 167625 | F9: 167625 | G9: =ROUND(SUMIFS('Line Items'!$M$2:$M$226,'Line Items'!$A$2:$A$226,$A9,'Line Items'!$C$2:$C$226,$B9),2) -> 88074.15 | H9: 88074.15 | I9: =ROUND(E9-F9,2) -> 0 | J9: =ROUND(G9-H9,2) -> 0 | K9: =IF(AND(ABS(I9)<0.02,ABS(J9)<0.02),"YES","CHECK") -> YES
A10: 5559GS | B10: SLD | C10: =COUNTIFS('Line Items'!$A$2:$A$226,$A10,'Line Items'!$C$2:$C$226,$B10) -> 2 | D10: =SUMIFS('Line Items'!$I$2:$I$226,'Line Items'!$A$2:$A$226,$A10,'Line Items'!$C$2:$C$226,$B10) -> 4 | E10: =ROUND(SUMIFS('Line Items'!$S$2:$S$226,'Line Items'!$A$2:$A$226,$A10,'Line Items'!$C$2:$C$226,$B10),2) -> 4476 | F10: 4476 | G10: =ROUND(SUMIFS('Line Items'!$M$2:$M$226,'Line Items'!$A$2:$A$226,$A10,'Line Items'!$C$2:$C$226,$B10),2) -> 2465.59 | H10: 2465.59 | I10: =ROUND(E10-F10,2) -> 0 | J10: =ROUND(G10-H10,2) -> 0 | K10: =IF(AND(ABS(I10)<0.02,ABS(J10)<0.02),"YES","CHECK") -> YES
A11: 5559GS | B11: BODIX | C11: =COUNTIFS('Line Items'!$A$2:$A$226,$A11,'Line Items'!$C$2:$C$226,$B11) -> 1 | D11: =SUMIFS('Line Items'!$I$2:$I$226,'Line Items'!$A$2:$A$226,$A11,'Line Items'!$C$2:$C$226,$B11) -> 2 | E11: =ROUND(SUMIFS('Line Items'!$S$2:$S$226,'Line Items'!$A$2:$A$226,$A11,'Line Items'!$C$2:$C$226,$B11),2) -> 678 | F11: 678 | G11: =ROUND(SUMIFS('Line Items'!$M$2:$M$226,'Line Items'!$A$2:$A$226,$A11,'Line Items'!$C$2:$C$226,$B11),2) -> 316.02 | H11: 316.02 | I11: =ROUND(E11-F11,2) -> 0 | J11: =ROUND(G11-H11,2) -> 0 | K11: =IF(AND(ABS(I11)<0.02,ABS(J11)<0.02),"YES","CHECK") -> YES
A12: 5559GS | B12: HTA | C12: =COUNTIFS('Line Items'!$A$2:$A$226,$A12,'Line Items'!$C$2:$C$226,$B12) -> 16 | D12: =SUMIFS('Line Items'!$I$2:$I$226,'Line Items'!$A$2:$A$226,$A12,'Line Items'!$C$2:$C$226,$B12) -> 150 | E12: =ROUND(SUMIFS('Line Items'!$S$2:$S$226,'Line Items'!$A$2:$A$226,$A12,'Line Items'!$C$2:$C$226,$B12),2) -> 9200 | F12: 9200 | G12: =ROUND(SUMIFS('Line Items'!$M$2:$M$226,'Line Items'!$A$2:$A$226,$A12,'Line Items'!$C$2:$C$226,$B12),2) -> 5022.02 | H12: 5022.02 | I12: =ROUND(E12-F12,2) -> 0 | J12: =ROUND(G12-H12,2) -> 0 | K12: =IF(AND(ABS(I12)<0.02,ABS(J12)<0.02),"YES","CHECK") -> YES
A13: 5559GS | B13: ANL | C13: =COUNTIFS('Line Items'!$A$2:$A$226,$A13,'Line Items'!$C$2:$C$226,$B13) -> 9 | D13: =SUMIFS('Line Items'!$I$2:$I$226,'Line Items'!$A$2:$A$226,$A13,'Line Items'!$C$2:$C$226,$B13) -> 105 | E13: =ROUND(SUMIFS('Line Items'!$S$2:$S$226,'Line Items'!$A$2:$A$226,$A13,'Line Items'!$C$2:$C$226,$B13),2) -> 23090 | F13: 23090 | G13: =ROUND(SUMIFS('Line Items'!$M$2:$M$226,'Line Items'!$A$2:$A$226,$A13,'Line Items'!$C$2:$C$226,$B13),2) -> 10370.93 | H13: 10370.93 | I13: =ROUND(E13-F13,2) -> 0 | J13: =ROUND(G13-H13,2) -> 0 | K13: =IF(AND(ABS(I13)<0.02,ABS(J13)<0.02),"YES","CHECK") -> YES
A14: 5559GS | B14: ACCURAT | C14: =COUNTIFS('Line Items'!$A$2:$A$226,$A14,'Line Items'!$C$2:$C$226,$B14) -> 4 | D14: =SUMIFS('Line Items'!$I$2:$I$226,'Line Items'!$A$2:$A$226,$A14,'Line Items'!$C$2:$C$226,$B14) -> 155 | E14: =ROUND(SUMIFS('Line Items'!$S$2:$S$226,'Line Items'!$A$2:$A$226,$A14,'Line Items'!$C$2:$C$226,$B14),2) -> 974.5 | F14: 974.5 | G14: =ROUND(SUMIFS('Line Items'!$M$2:$M$226,'Line Items'!$A$2:$A$226,$A14,'Line Items'!$C$2:$C$226,$B14),2) -> 454.22 | H14: 454.22 | I14: =ROUND(E14-F14,2) -> 0 | J14: =ROUND(G14-H14,2) -> 0 | K14: =IF(AND(ABS(I14)<0.02,ABS(J14)<0.02),"YES","CHECK") -> YES
A15: 5559GS | B15: NV | C15: =COUNTIFS('Line Items'!$A$2:$A$226,$A15,'Line Items'!$C$2:$C$226,$B15) -> 21 | D15: =SUMIFS('Line Items'!$I$2:$I$226,'Line Items'!$A$2:$A$226,$A15,'Line Items'!$C$2:$C$226,$B15) -> 567 | E15: =ROUND(SUMIFS('Line Items'!$S$2:$S$226,'Line Items'!$A$2:$A$226,$A15,'Line Items'!$C$2:$C$226,$B15),2) -> 7157.2 | F15: 7157.2 | G15: =ROUND(SUMIFS('Line Items'!$M$2:$M$226,'Line Items'!$A$2:$A$226,$A15,'Line Items'!$C$2:$C$226,$B15),2) -> 3457.28 | H15: 3457.28 | I15: =ROUND(E15-F15,2) -> 0 | J15: =ROUND(G15-H15,2) -> 0 | K15: =IF(AND(ABS(I15)<0.02,ABS(J15)<0.02),"YES","CHECK") -> YES
... A21: 5559GS | B21: CAMP NET | C21: =COUNTIFS('Line Items'!$A$2:$A$226,$A21,'Line Items'!$C$2:$C$226,$B21) -> 1 | D21: =SUMIFS('Line Items'!$I$2:$I$226,'Line Items'!$A$2:$A$226,$A21,'Line Items'!$C$2:$C$226,$B21) -> 10 | E21: =ROUND(SUMIFS('Line Items'!$S$2:$S$226,'Line Items'!$A$2:$A$226,$A21,'Line Items'!$C$2:$C$226,$B21),2) -> 1050 | F21: 1050 | G21: =ROUND(SUMIFS('Line Items'!$M$2:$M$226,'Line Items'!$A$2:$A$226,$A21,'Line Items'!$C$2:$C$226,$B21),2) -> 889.83 | H21: 889.83 | I21: =ROUND(E21-F21,2) -> 0 | J21: =ROUND(G21-H21,2) -> 0 | K21: =IF(AND(ABS(I21)<0.02,ABS(J21)<0.02),"YES","CHECK") -> YES
B22: TOTAL | C22: =SUM(C4:C21) -> 225 | D22: =SUM(D4:D21) -> 1791 | E22: =SUM(E4:E21) -> 344978.7 | F22: =SUM(F4:F21) -> 344978.7 | G22: =SUM(G4:G21) -> 184505.24 | H22: =SUM(H4:H21) -> 184505.24

Sheet Notes
B1: Notes, Assumptions & Data-Quality Log
B3: 1. Source and extraction method
B4: Extracted from Adobe_Scan_30_Aug_2026.pdf (10 pages) — a skewed dot-matrix printout with no usable text layer.
B5: Pages were rendered at 400 dpi, deskewed, and OCR'd. Raw OCR misaligned the Rate column against MRP by a full
B6: row on several pages, so every line was independently verified against the arithmetic the invoice itself enforces:
B7: Rate = MRP x (1 - Disc%) Taxable Amount = Rate x Qty / 1.18 CGST = SGST = 9% of Taxable Amount
B8: All 225 lines were then reconciled against every printed brand-group Gross/Net subtotal, every page brought-forward,
B9: and each invoice footer. All 18 brand-group subtotals, all 3 quantity counts and all 3 subtotals match exactly.
B11: 2. Colour legend
B12: Blue text = transcribed exactly as printed on the invoice (source data).
B13: Black text = calculated by formula in this workbook. Never overwrite a black cell; edit the blue inputs instead.
B14: Column W ('Flag') on Line Items reads CHECK where the printed amount differs from Rate x Qty / 1.18 by > 0.01.
... B44: All three invoices are intra-state (both parties GSTIN 37...), taxed at CGST 9% + SGST 9% = 18%.
